station;station_name;lat;lon;alt;year;month;oni;enso_phase;tmean;tmax;tmin;prec_mm;raindays;pmax24_mm;conc;nValidT;nValidP
A521;BELO HORIZONTE - PAMPULHA;-19,88388888;-43,96944443;854,02;2006;10;0.77;EN_weakmod;NaN;NaN;NaN;NaN;NaN;NaN;;21;21
A521;BELO HORIZONTE - PAMPULHA;-19,88388888;-43,96944443;854,02;2006;11;0.94;EN_weakmod;NaN;NaN;NaN;NaN;NaN;NaN;;30;30
A521;BELO HORIZONTE - PAMPULHA;-19,88388888;-43,96944443;854,02;2006;12;0.94;EN_weakmod;NaN;NaN;NaN;NaN;NaN;NaN;;30;30
A521;BELO HORIZONTE - PAMPULHA;-19,88388888;-43,96944443;854,02;2007;01;0.66;EN_weakmod;22.53;27.39;19.29;309.2;17;59.8;0.193;31;25
A521;BELO HORIZONTE - PAMPULHA;-19,88388888;-43,96944443;854,02;2007;02;0.22;neutral;22.6;27.99;19.2;144;13;37.6;0.261;28;28
A521;BELO HORIZONTE - PAMPULHA;-19,88388888;-43,96944443;854,02;2007;03;-0.12;neutral;23.98;29.59;19.42;178.2;5;81.6;0.458;31;31
A521;BELO HORIZONTE - PAMPULHA;-19,88388888;-43,96944443;854,02;2007;04;-0.32;neutral;22.44;27.76;18.3;110;6;36.2;0.329;30;30
A521;BELO HORIZONTE - PAMPULHA;-19,88388888;-43,96944443;854,02;2007;05;-0.38;neutral;19.89;25.96;14.93;10.2;3;5.2;0.51;31;31
A521;BELO HORIZONTE - PAMPULHA;-19,88388888;-43,96944443;854,02;2007;06;-0.47;neutral;19.39;25.96;13.71;0;0;0;;30;30
A521;BELO HORIZONTE - PAMPULHA;-19,88388888;-43,96944443;854,02;2007;07;-0.56;LN;19.14;25.44;14;10;1;10;1;27;27
A521;BELO HORIZONTE - PAMPULHA;-19,88388888;-43,96944443;854,02;2007;08;-0.81;LN;20.02;26.4;14.45;0.2;0;0.2;1;31;31
A521;BELO HORIZONTE - PAMPULHA;-19,88388888;-43,96944443;854,02;2007;09;-1.07;LN;21.71;28.36;16.7;2.8;1;2;0.714;30;30
A521;BELO HORIZONTE - PAMPULHA;-19,88388888;-43,96944443;854,02;2007;10;-1.34;LN;23.68;30.45;18.6;147.6;7;82.8;0.561;31;31
A521;BELO HORIZONTE - PAMPULHA;-19,88388888;-43,96944443;854,02;2007;11;-1.5;LN;23.22;28.69;18.97;146.6;13;30.8;0.21;26;26
A521;BELO HORIZONTE - PAMPULHA;-19,88388888;-43,96944443;854,02;2007;12;-1.6;LN;23.27;29.26;18.94;325;15;67.8;0.209;31;31
A521;BELO HORIZONTE - PAMPULHA;-19,88388888;-43,96944443;854,02;2008;01;-1.64;LN;22.22;27.38;18.83;442.2;18;114;0.258;31;31
A521;BELO HORIZONTE - PAMPULHA;-19,88388888;-43,96944443;854,02;2008;02;-1.52;LN;23.21;28.55;19.37;218;11;70.6;0.324;29;29
A521;BELO HORIZONTE - PAMPULHA;-19,88388888;-43,96944443;854,02;2008;03;-1.29;LN;22.53;28.18;18.75;369.8;17;59;0.16;31;31
A521;BELO HORIZONTE - PAMPULHA;-19,88388888;-43,96944443;854,02;2008;04;-1.01;LN;22.6;28.19;18.14;164.2;9;80.8;0.492;30;30
A521;BELO HORIZONTE - PAMPULHA;-19,88388888;-43,96944443;854,02;2008;05;-0.84;LN;19.91;25.8;14.86;4.4;2;3.4;0.773;31;30
A521;BELO HORIZONTE - PAMPULHA;-19,88388888;-43,96944443;854,02;2008;06;-0.61;LN;19.56;25.82;14.77;9.6;1;9.6;1;30;30
A521;BELO HORIZONTE - PAMPULHA;-19,88388888;-43,96944443;854,02;2008;07;-0.37;neutral;18.49;25.15;12.45;0;0;0;;31;31
A521;BELO HORIZONTE - PAMPULHA;-19,88388888;-43,96944443;854,02;2008;08;-0.23;neutral;20.96;27.42;15.58;43.6;3;20.2;0.463;31;31
A521;BELO HORIZONTE - PAMPULHA;-19,88388888;-43,96944443;854,02;2008;09;-0.24;neutral;21.3;27.68;16.33;136.8;7;43.2;0.316;30;30
A521;BELO HORIZONTE - PAMPULHA;-19,88388888;-43,96944443;854,02;2008;10;-0.35;neutral;24.23;30.2;19.5;22.8;2;19.8;0.868;24;24
A521;BELO HORIZONTE - PAMPULHA;-19,88388888;-43,96944443;854,02;2008;11;-0.55;LN;22.05;27.14;18.39;341.2;14;91.6;0.268;30;30
A521;BELO HORIZONTE - PAMPULHA;-19,88388888;-43,96944443;854,02;2008;12;-0.73;LN;21.97;26.89;18.74;833.4;17;134.2;0.161;31;31
A521;BELO HORIZONTE - PAMPULHA;-19,88388888;-43,96944443;854,02;2009;01;-0.85;LN;22.98;28.44;19.27;379;19;106.2;0.28;31;31
A521;BELO HORIZONTE - PAMPULHA;-19,88388888;-43,96944443;854,02;2009;02;-0.79;LN;23.43;29.03;19.58;193;14;65;0.337;28;28
A521;BELO HORIZONTE - PAMPULHA;-19,88388888;-43,96944443;854,02;2009;03;-0.61;LN;23.41;29.44;19.22;297.8;15;77.6;0.261;31;31
A521;BELO HORIZONTE - PAMPULHA;-19,88388888;-43,96944443;854,02;2009;04;-0.33;neutral;21.86;27.3;17.56;65.6;5;43.6;0.665;30;30
A521;BELO HORIZONTE - PAMPULHA;-19,88388888;-43,96944443;854,02;2009;05;0.01;neutral;20.18;26.32;15.53;19.6;3;8;0.408;31;31
A521;BELO HORIZONTE - PAMPULHA;-19,88388888;-43,96944443;854,02;2009;06;0.28;neutral;18.95;25.21;14.13;23;2;20;0.87;30;30
A521;BELO HORIZONTE - PAMPULHA;-19,88388888;-43,96944443;854,02;2009;07;0.45;neutral;20.46;27.07;15.45;0;0;0;;31;31
A521;BELO HORIZONTE - PAMPULHA;-19,88388888;-43,96944443;854,02;2009;08;0.58;EN_weakmod;20.31;26.28;15.65;36.8;3;23.8;0.647;31;31
A521;BELO HORIZONTE - PAMPULHA;-19,88388888;-43,96944443;854,02;2009;09;0.71;EN_weakmod;23.16;29.65;18.61;51.2;6;29.6;0.578;30;30
A521;BELO HORIZONTE - PAMPULHA;-19,88388888;-43,96944443;854,02;2009;10;1.01;EN_weakmod;22.62;28.44;18.38;462.4;16;101.8;0.22;31;29
A521;BELO HORIZONTE - PAMPULHA;-19,88388888;-43,96944443;854,02;2009;11;1.36;EN_weakmod;24.08;29.74;19.79;143.8;10;82;0.57;30;30
A521;BELO HORIZONTE - PAMPULHA;-19,88388888;-43,96944443;854,02;2009;12;1.56;EN_strong;22.12;27.4;18.76;723.2;20;96.4;0.133;31;31
A521;BELO HORIZONTE - PAMPULHA;-19,88388888;-43,96944443;854,02;2010;01;1.5;EN_strong;24.05;29.82;19.83;203.6;8;63;0.309;31;30
A521;BELO HORIZONTE - PAMPULHA;-19,88388888;-43,96944443;854,02;2010;02;1.22;EN_weakmod;24.77;30.74;20.1;105.4;6;76.8;0.729;28;28
A521;BELO HORIZONTE - PAMPULHA;-19,88388888;-43,96944443;854,02;2010;03;0.84;EN_weakmod;23.38;29.13;19.42;261.2;14;91.8;0.351;31;31
A521;BELO HORIZONTE - PAMPULHA;-19,88388888;-43,96944443;854,02;2010;04;0.35;neutral;21.9;27.68;17.19;49.8;4;34.6;0.695;30;30
A521;BELO HORIZONTE - PAMPULHA;-19,88388888;-43,96944443;854,02;2010;05;-0.17;neutral;20.23;26.37;15.2;26;3;12.8;0.492;31;31
A521;BELO HORIZONTE - PAMPULHA;-19,88388888;-43,96944443;854,02;2010;06;-0.66;LN;18;24.51;12.66;1.4;0;0.8;0.571;30;30
A521;BELO HORIZONTE - PAMPULHA;-19,88388888;-43,96944443;854,02;2010;07;-1.05;LN;19.51;25.58;15.18;0;0;0;;31;31
A521;BELO HORIZONTE - PAMPULHA;-19,88388888;-43,96944443;854,02;2010;08;-1.35;LN;20.02;27.02;14.2;0;0;0;;31;31
A521;BELO HORIZONTE - PAMPULHA;-19,88388888;-43,96944443;854,02;2010;09;-1.56;LN;21.69;28.14;16.94;69.2;3;33.8;0.488;30;30
A521;BELO HORIZONTE - PAMPULHA;-19,88388888;-43,96944443;854,02;2010;10;-1.64;LN;22.35;28.62;17.98;204;11;42.4;0.208;31;31
A521;BELO HORIZONTE - PAMPULHA;-19,88388888;-43,96944443;854,02;2010;11;-1.64;LN;21.7;26.76;18.26;427.2;18;148;0.346;30;30
A521;BELO HORIZONTE - PAMPULHA;-19,88388888;-43,96944443;854,02;2010;12;-1.54;LN;23.59;28.95;19.89;292.2;19;55.4;0.19;31;31
A521;BELO HORIZONTE - PAMPULHA;-19,88388888;-43,96944443;854,02;2011;01;-1.31;LN;23.36;28.5;19.72;296.2;10;70.2;0.237;31;31
A521;BELO HORIZONTE - PAMPULHA;-19,88388888;-43,96944443;854,02;2011;02;-1.04;LN;24.93;30.86;20.4;83.8;6;34.2;0.408;28;28
A521;BELO HORIZONTE - PAMPULHA;-19,88388888;-43,96944443;854,02;2011;03;-0.8;LN;22.46;27.62;19.18;305.4;17;50.4;0.165;31;31
A521;BELO HORIZONTE - PAMPULHA;-19,88388888;-43,96944443;854,02;2011;04;-0.62;LN;22.29;27.76;18.28;18.8;2;12.8;0.681;30;30
A521;BELO HORIZONTE - PAMPULHA;-19,88388888;-43,96944443;854,02;2011;05;-0.46;neutral;20.15;26.21;15.19;0.8;0;0.8;1;31;31
A521;BELO HORIZONTE - PAMPULHA;-19,88388888;-43,96944443;854,02;2011;06;-0.37;neutral;18.76;24.98;13.89;10.6;2;8;0.755;30;30
A521;BELO HORIZONTE - PAMPULHA;-19,88388888;-43,96944443;854,02;2011;07;-0.43;neutral;19.18;25.61;13.94;0;0;0;;31;31
A521;BELO HORIZONTE - PAMPULHA;-19,88388888;-43,96944443;854,02;2011;08;-0.58;LN;21.76;28.65;16.09;0;0;0;;31;31
A521;BELO HORIZONTE - PAMPULHA;-19,88388888;-43,96944443;854,02;2011;09;-0.79;LN;21.58;28.38;16.49;2.6;2;1.2;0.462;30;30
A521;BELO HORIZONTE - PAMPULHA;-19,88388888;-43,96944443;854,02;2011;10;-0.96;LN;21.39;26.85;17.51;211;15;34.4;0.163;31;31
A521;BELO HORIZONTE - PAMPULHA;-19,88388888;-43,96944443;854,02;2011;11;-1.02;LN;20.88;26.17;17.33;269;13;71.8;0.267;30;30
A521;BELO HORIZONTE - PAMPULHA;-19,88388888;-43,96944443;854,02;2011;12;-0.92;LN;21.56;26.38;18.52;789.4;22;165.2;0.209;31;31
A521;BELO HORIZONTE - PAMPULHA;-19,88388888;-43,96944443;854,02;2012;01;-0.72;LN;22.28;27.51;18.69;501;15;97.2;0.194;31;31
A521;BELO HORIZONTE - PAMPULHA;-19,88388888;-43,96944443;854,02;2012;02;-0.57;LN;23.36;28.92;19.17;43.6;7;27.6;0.633;29;29
A521;BELO HORIZONTE - PAMPULHA;-19,88388888;-43,96944443;854,02;2012;03;-0.46;neutral;22.9;28.65;18.83;279.2;14;97.4;0.349;31;31
A521;BELO HORIZONTE - PAMPULHA;-19,88388888;-43,96944443;854,02;2012;04;-0.36;neutral;22.37;27.93;18.09;60.8;6;15.6;0.257;30;30
A521;BELO HORIZONTE - PAMPULHA;-19,88388888;-43,96944443;854,02;2012;05;-0.17;neutral;19.27;24.54;15.09;74.6;7;30.2;0.405;31;31
A521;BELO HORIZONTE - PAMPULHA;-19,88388888;-43,96944443;854,02;2012;06;0.06;neutral;20.14;25.87;15.81;7.2;2;3.8;0.528;30;30
A521;BELO HORIZONTE - PAMPULHA;-19,88388888;-43,96944443;854,02;2012;07;0.3;neutral;19.39;25.57;14.05;0;0;0;;31;31
A521;BELO HORIZONTE - PAMPULHA;-19,88388888;-43,96944443;854,02;2012;08;0.41;neutral;19.06;24.84;14.42;0;0;0;;31;31
A521;BELO HORIZONTE - PAMPULHA;-19,88388888;-43,96944443;854,02;2012;09;0.41;neutral;22.41;29.21;16.97;28.8;3;19.6;0.681;30;30
A521;BELO HORIZONTE - PAMPULHA;-19,88388888;-43,96944443;854,02;2012;10;0.31;neutral;23.71;30.58;18.65;52.4;7;18.8;0.359;31;31
A521;BELO HORIZONTE - PAMPULHA;-19,88388888;-43,96944443;854,02;2012;11;0.13;neutral;22.35;27.94;18.39;345.8;18;68.2;0.197;30;30
A521;BELO HORIZONTE - PAMPULHA;-19,88388888;-43,96944443;854,02;2012;12;-0.1;neutral;24.86;30.53;20.42;96.2;12;23.8;0.247;28;28
A521;BELO HORIZONTE - PAMPULHA;-19,88388888;-43,96944443;854,02;2013;01;-0.29;neutral;22.86;27.98;19.31;382.8;20;69.2;0.181;31;31
A521;BELO HORIZONTE - PAMPULHA;-19,88388888;-43,96944443;854,02;2013;02;-0.29;neutral;24.04;29.71;19.75;102.4;4;59;0.576;28;28
A521;BELO HORIZONTE - PAMPULHA;-19,88388888;-43,96944443;854,02;2013;03;-0.21;neutral;23.2;28.39;19.63;140.8;9;30;0.213;30;30
A521;BELO HORIZONTE - PAMPULHA;-19,88388888;-43,96944443;854,02;2013;04;-0.19;neutral;20.9;26.54;16.65;162;8;61;0.377;30;30
A521;BELO HORIZONTE - PAMPULHA;-19,88388888;-43,96944443;854,02;2013;05;-0.27;neutral;20.16;26.02;15.62;64.2;5;37.6;0.586;31;31
A521;BELO HORIZONTE - PAMPULHA;-19,88388888;-43,96944443;854,02;2013;06;-0.34;neutral;20.12;26;15.56;15.6;2;11.8;0.756;30;30
A521;BELO HORIZONTE - PAMPULHA;-19,88388888;-43,96944443;854,02;2013;07;-0.35;neutral;19.89;26.25;14.64;0;0;0;;31;31
A521;BELO HORIZONTE - PAMPULHA;-19,88388888;-43,96944443;854,02;2013;08;-0.28;neutral;20.47;27.12;15.24;0;0;0;;31;31
A521;BELO HORIZONTE - PAMPULHA;-19,88388888;-43,96944443;854,02;2013;09;-0.21;neutral;21.6;28.18;17.1;42;4;19;0.452;30;30
A521;BELO HORIZONTE - PAMPULHA;-19,88388888;-43,96944443;854,02;2013;10;-0.13;neutral;21.41;27.37;17.3;184.2;11;52.4;0.284;31;31
A521;BELO HORIZONTE - PAMPULHA;-19,88388888;-43,96944443;854,02;2013;11;-0.1;neutral;22.41;27.89;18.58;182.6;12;39.4;0.216;30;30
A521;BELO HORIZONTE - PAMPULHA;-19,88388888;-43,96944443;854,02;2013;12;-0.15;neutral;22.69;28.35;19.14;537;22;78.6;0.146;31;31
A521;BELO HORIZONTE - PAMPULHA;-19,88388888;-43,96944443;854,02;2014;01;-0.28;neutral;24.51;30.8;19.63;76.6;7;28;0.366;31;31
A521;BELO HORIZONTE - PAMPULHA;-19,88388888;-43,96944443;854,02;2014;02;-0.32;neutral;24.38;30.29;19.77;57.4;3;45.2;0.787;28;28
A521;BELO HORIZONTE - PAMPULHA;-19,88388888;-43,96944443;854,02;2014;03;-0.14;neutral;22.95;28.57;19.2;101.6;8;28.2;0.278;31;31
A521;BELO HORIZONTE - PAMPULHA;-19,88388888;-43,96944443;854,02;2014;04;0.15;neutral;22.01;27.8;17.76;232.6;11;77.2;0.332;30;30
A521;BELO HORIZONTE - PAMPULHA;-19,88388888;-43,96944443;854,02;2014;05;0.31;neutral;20.38;26.4;15.41;5.6;1;4.4;0.786;31;31
A521;BELO HORIZONTE - PAMPULHA;-19,88388888;-43,96944443;854,02;2014;06;0.23;neutral;19.9;25.86;15.26;9.4;1;9;0.957;30;30
A521;BELO HORIZONTE - PAMPULHA;-19,88388888;-43,96944443;854,02;2014;07;0.1;neutral;18.8;24.43;14.65;66.6;3;26.2;0.393;31;31
A521;BELO HORIZONTE - PAMPULHA;-19,88388888;-43,96944443;854,02;2014;08;0.11;neutral;20.44;27.32;14.69;1.6;1;1.6;1;31;31
A521;BELO HORIZONTE - PAMPULHA;-19,88388888;-43,96944443;854,02;2014;09;0.28;neutral;22.6;29.49;17.28;2.2;1;2.2;1;30;30
A521;BELO HORIZONTE - PAMPULHA;-19,88388888;-43,96944443;854,02;2014;10;0.54;EN_weakmod;23.07;29.72;18.17;128.6;7;55.6;0.432;31;31
A521;BELO HORIZONTE - PAMPULHA;-19,88388888;-43,96944443;854,02;2014;11;0.71;EN_weakmod;22.85;28.57;18.9;252;15;52;0.206;30;30
A521;BELO HORIZONTE - PAMPULHA;-19,88388888;-43,96944443;854,02;2014;12;0.77;EN_weakmod;23.66;28.82;19.65;186;8;93.4;0.502;31;31
A521;BELO HORIZONTE - PAMPULHA;-19,88388888;-43,96944443;854,02;2015;01;0.69;EN_weakmod;25.22;31.65;19.98;81.2;7;32.2;0.397;31;31
A521;BELO HORIZONTE - PAMPULHA;-19,88388888;-43,96944443;854,02;2015;02;0.61;EN_weakmod;23.4;28.95;19.36;345.2;13;62;0.18;28;28
A521;BELO HORIZONTE - PAMPULHA;-19,88388888;-43,96944443;854,02;2015;03;0.65;EN_weakmod;23.34;28.93;19.25;181.8;13;54.2;0.298;31;31
A521;BELO HORIZONTE - PAMPULHA;-19,88388888;-43,96944443;854,02;2015;04;0.81;EN_weakmod;22.11;27.57;18.31;65;9;13;0.2;30;30
A521;BELO HORIZONTE - PAMPULHA;-19,88388888;-43,96944443;854,02;2015;05;1.02;EN_weakmod;19.84;24.97;16.24;72;3;50.8;0.706;31;31
A521;BELO HORIZONTE - PAMPULHA;-19,88388888;-43,96944443;854,02;2015;06;1.25;EN_weakmod;19.18;24.92;14.66;6.2;2;2.8;0.452;30;30
A521;BELO HORIZONTE - PAMPULHA;-19,88388888;-43,96944443;854,02;2015;07;1.57;EN_strong;19.87;25.97;15.39;15.2;1;15.2;1;31;31
A521;BELO HORIZONTE - PAMPULHA;-19,88388888;-43,96944443;854,02;2015;08;1.91;EN_strong;20.79;27.16;15.65;0;0;0;;31;31
A521;BELO HORIZONTE - PAMPULHA;-19,88388888;-43,96944443;854,02;2015;09;2.21;EN_strong;24.24;30.74;19.12;55.2;6;20;0.362;30;30
A521;BELO HORIZONTE - PAMPULHA;-19,88388888;-43,96944443;854,02;2015;10;2.47;EN_strong;25.75;32.74;20.47;62.2;4;24.2;0.389;31;31
A521;BELO HORIZONTE - PAMPULHA;-19,88388888;-43,96944443;854,02;2015;11;2.64;EN_strong;25.02;30.84;20.46;207.2;10;38.4;0.185;30;30
A521;BELO HORIZONTE - PAMPULHA;-19,88388888;-43,96944443;854,02;2015;12;2.75;EN_strong;24.04;30;19.58;160.6;15;31.2;0.194;31;31
A521;BELO HORIZONTE - PAMPULHA;-19,88388888;-43,96944443;854,02;2016;01;2.63;EN_strong;23.18;28.35;19.84;375.2;17;72.4;0.193;31;31
A521;BELO HORIZONTE - PAMPULHA;-19,88388888;-43,96944443;854,02;2016;02;2.28;EN_strong;25.08;31.06;20.6;239.8;8;86.2;0.359;28;27
A521;BELO HORIZONTE - PAMPULHA;-19,88388888;-43,96944443;854,02;2016;03;1.71;EN_strong;23.69;28.95;19.75;106.4;8;42.8;0.402;31;31
A521;BELO HORIZONTE - PAMPULHA;-19,88388888;-43,96944443;854,02;2016;04;1.05;EN_weakmod;23.57;29.09;18.91;36.2;3;17.8;0.492;30;30
A521;BELO HORIZONTE - PAMPULHA;-19,88388888;-43,96944443;854,02;2016;05;0.49;neutral;21.18;27.15;16.58;0;0;0;;31;31
A521;BELO HORIZONTE - PAMPULHA;-19,88388888;-43,96944443;854,02;2016;06;0;neutral;18.97;24.62;14.63;48.2;4;30;0.622;30;30
A521;BELO HORIZONTE - PAMPULHA;-19,88388888;-43,96944443;854,02;2016;07;-0.31;neutral;20.12;26.58;14.71;0;0;0;;31;31
A521;BELO HORIZONTE - PAMPULHA;-19,88388888;-43,96944443;854,02;2016;08;-0.5;LN;21.17;27.94;15.75;0.8;0;0.6;0.75;31;31
A521;BELO HORIZONTE - PAMPULHA;-19,88388888;-43,96944443;854,02;2016;09;-0.58;LN;23.19;30.03;18.19;43.8;4;30.2;0.689;30;30
A521;BELO HORIZONTE - PAMPULHA;-19,88388888;-43,96944443;854,02;2016;10;-0.64;LN;23.58;29.64;19.45;65.6;6;30.2;0.46;31;31
A521;BELO HORIZONTE - PAMPULHA;-19,88388888;-43,96944443;854,02;2016;11;-0.6;LN;22.26;27.95;18.63;213;17;34.2;0.161;30;30
A521;BELO HORIZONTE - PAMPULHA;-19,88388888;-43,96944443;854,02;2016;12;-0.45;neutral;23.11;28.95;18.93;326;15;93.8;0.288;31;31
A521;BELO HORIZONTE - PAMPULHA;-19,88388888;-43,96944443;854,02;2017;01;-0.19;neutral;24.48;30.21;20.21;179.6;8;38.2;0.213;31;31
A521;BELO HORIZONTE - PAMPULHA;-19,88388888;-43,96944443;854,02;2017;02;-0.02;neutral;22.96;28.36;19.4;166.2;10;42.4;0.255;28;28
A521;BELO HORIZONTE - PAMPULHA;-19,88388888;-43,96944443;854,02;2017;03;0.18;neutral;23.45;29.5;18.59;86.8;4;46.6;0.537;31;31
A521;BELO HORIZONTE - PAMPULHA;-19,88388888;-43,96944443;854,02;2017;04;0.31;neutral;22.44;28.12;18.36;29.4;4;10.6;0.361;30;30
A521;BELO HORIZONTE - PAMPULHA;-19,88388888;-43,96944443;854,02;2017;05;0.4;neutral;20.36;25.94;16.17;28;3;19.4;0.693;31;31
A521;BELO HORIZONTE - PAMPULHA;-19,88388888;-43,96944443;854,02;2017;06;0.39;neutral;19.69;25.91;14.48;24.8;2;17.4;0.702;30;30
A521;BELO HORIZONTE - PAMPULHA;-19,88388888;-43,96944443;854,02;2017;07;0.19;neutral;17.47;23.39;12.77;0;0;0;;31;31
A521;BELO HORIZONTE - PAMPULHA;-19,88388888;-43,96944443;854,02;2017;08;-0.07;neutral;20.42;27.4;15.07;0;0;0;;31;31
A521;BELO HORIZONTE - PAMPULHA;-19,88388888;-43,96944443;854,02;2017;09;-0.34;neutral;20.98;27.65;15.84;46.4;2;27.6;0.595;30;30
A521;BELO HORIZONTE - PAMPULHA;-19,88388888;-43,96944443;854,02;2017;10;-0.6;LN;23.82;30.54;18.82;117.8;7;33.8;0.287;31;31
A521;BELO HORIZONTE - PAMPULHA;-19,88388888;-43,96944443;854,02;2017;11;-0.77;LN;22.14;27.33;18.64;204.2;14;45;0.22;30;30
A521;BELO HORIZONTE - PAMPULHA;-19,88388888;-43,96944443;854,02;2017;12;-0.86;LN;23.3;28.55;19.75;309.8;12;67;0.216;31;31
A521;BELO HORIZONTE - PAMPULHA;-19,88388888;-43,96944443;854,02;2018;01;-0.77;LN;24.13;29.76;19.89;192.8;13;55.6;0.288;31;31
A521;BELO HORIZONTE - PAMPULHA;-19,88388888;-43,96944443;854,02;2018;02;-0.71;LN;22.68;28.17;19.28;275.2;15;63.2;0.23;28;28
A521;BELO HORIZONTE - PAMPULHA;-19,88388888;-43,96944443;854,02;2018;03;-0.57;LN;23.36;29.15;19.36;368;14;84.6;0.23;31;31
A521;BELO HORIZONTE - PAMPULHA;-19,88388888;-43,96944443;854,02;2018;04;-0.39;neutral;21.61;27.05;17.72;13.2;3;8.4;0.636;30;30
A521;BELO HORIZONTE - PAMPULHA;-19,88388888;-43,96944443;854,02;2018;05;-0.13;neutral;19.82;26.22;14.88;11.4;2;10;0.877;31;31
A521;BELO HORIZONTE - PAMPULHA;-19,88388888;-43,96944443;854,02;2018;06;0.06;neutral;20.1;26.27;15.54;0;0;0;;30;30
A521;BELO HORIZONTE - PAMPULHA;-19,88388888;-43,96944443;854,02;2018;07;0.14;neutral;19.69;26.6;14.09;0.4;0;0.4;1;31;31
A521;BELO HORIZONTE - PAMPULHA;-19,88388888;-43,96944443;854,02;2018;08;0.27;neutral;20.09;26.17;15.5;41;4;18;0.439;31;31
A521;BELO HORIZONTE - PAMPULHA;-19,88388888;-43,96944443;854,02;2018;09;0.53;EN_weakmod;22.18;28.51;17.58;51;4;25.6;0.502;30;30
A521;BELO HORIZONTE - PAMPULHA;-19,88388888;-43,96944443;854,02;2018;10;0.81;EN_weakmod;23.32;29.5;19.29;176;11;41.6;0.236;31;31
A521;BELO HORIZONTE - PAMPULHA;-19,88388888;-43,96944443;854,02;2018;11;0.97;EN_weakmod;21.96;27.01;18.39;265;13;52.6;0.198;30;30
A521;BELO HORIZONTE - PAMPULHA;-19,88388888;-43,96944443;854,02;2018;12;0.92;EN_weakmod;23.2;29.2;18.92;292.6;17;40.2;0.137;31;31
A521;BELO HORIZONTE - PAMPULHA;-19,88388888;-43,96944443;854,02;2019;01;0.89;EN_weakmod;25.05;30.95;20.35;71.6;3;32;0.447;31;31
A521;BELO HORIZONTE - PAMPULHA;-19,88388888;-43,96944443;854,02;2019;02;0.86;EN_weakmod;24.1;30.13;20.01;231.4;15;55.8;0.241;28;28
A521;BELO HORIZONTE - PAMPULHA;-19,88388888;-43,96944443;854,02;2019;03;0.84;EN_weakmod;23.58;29.53;19.2;110;11;31.6;0.287;31;31
A521;BELO HORIZONTE - PAMPULHA;-19,88388888;-43,96944443;854,02;2019;04;0.77;EN_weakmod;23.13;29.14;18.86;114.6;11;40.6;0.354;30;30
A521;BELO HORIZONTE - PAMPULHA;-19,88388888;-43,96944443;854,02;2019;05;0.64;EN_weakmod;21.72;27.83;17.04;47;4;21.6;0.46;31;31
A521;BELO HORIZONTE - PAMPULHA;-19,88388888;-43,96944443;854,02;2019;06;0.52;EN_weakmod;19.76;26.06;14.78;4.8;2;3.4;0.708;30;30
A521;BELO HORIZONTE - PAMPULHA;-19,88388888;-43,96944443;854,02;2019;07;0.33;neutral;18.67;25.6;12.97;0;0;0;;31;31
A521;BELO HORIZONTE - PAMPULHA;-19,88388888;-43,96944443;854,02;2019;08;0.19;neutral;20.56;27.3;15.55;0;0;0;;31;31
A521;BELO HORIZONTE - PAMPULHA;-19,88388888;-43,96944443;854,02;2019;09;0.23;neutral;23.66;30.51;18.46;19.4;3;11.4;0.588;30;30
A521;BELO HORIZONTE - PAMPULHA;-19,88388888;-43,96944443;854,02;2019;10;0.39;neutral;24.49;32;19.21;56.6;4;43;0.76;31;31
A521;BELO HORIZONTE - PAMPULHA;-19,88388888;-43,96944443;854,02;2019;11;0.58;EN_weakmod;23.51;29.95;19.47;203.6;16;38.4;0.189;30;30
A521;BELO HORIZONTE - PAMPULHA;-19,88388888;-43,96944443;854,02;2019;12;0.66;EN_weakmod;23.17;28.79;19.29;211.4;14;46.6;0.22;31;31
A521;BELO HORIZONTE - PAMPULHA;-19,88388888;-43,96944443;854,02;2020;01;0.64;EN_weakmod;23.65;29.52;19.87;739.8;17;126.6;0.171;31;31
A521;BELO HORIZONTE - PAMPULHA;-19,88388888;-43,96944443;854,02;2020;02;0.63;EN_weakmod;23.04;28.58;19.56;349;21;45.4;0.13;29;29
A521;BELO HORIZONTE - PAMPULHA;-19,88388888;-43,96944443;854,02;2020;03;0.53;EN_weakmod;22.26;28.19;18.65;313.6;10;88;0.281;31;31
A521;BELO HORIZONTE - PAMPULHA;-19,88388888;-43,96944443;854,02;2020;04;0.3;neutral;21.67;27.81;17.62;101;9;32.6;0.323;30;30
A521;BELO HORIZONTE - PAMPULHA;-19,88388888;-43,96944443;854,02;2020;05;0.01;neutral;18.77;25.21;13.96;27.8;6;11.6;0.417;31;31
A521;BELO HORIZONTE - PAMPULHA;-19,88388888;-43,96944443;854,02;2020;06;-0.23;neutral;19.41;26.48;13.89;4.4;1;4;0.909;30;30
A521;BELO HORIZONTE - PAMPULHA;-19,88388888;-43,96944443;854,02;2020;07;-0.36;neutral;19.79;26.72;14.77;2.4;1;2.4;1;31;31
A521;BELO HORIZONTE - PAMPULHA;-19,88388888;-43,96944443;854,02;2020;08;-0.53;LN;19.49;26.33;14.03;13.8;1;13.6;0.986;31;31
A521;BELO HORIZONTE - PAMPULHA;-19,88388888;-43,96944443;854,02;2020;09;-0.85;LN;24.26;31.14;18.58;10.4;2;5;0.481;25;23
A521;BELO HORIZONTE - PAMPULHA;-19,88388888;-43,96944443;854,02;2020;10;-1.12;LN;23.57;30.01;19.1;114;13;21.2;0.186;31;31
A521;BELO HORIZONTE - PAMPULHA;-19,88388888;-43,96944443;854,02;2020;11;-1.2;LN;22.62;28.85;18.52;150.2;9;38.6;0.257;30;30
A521;BELO HORIZONTE - PAMPULHA;-19,88388888;-43,96944443;854,02;2020;12;-1.08;LN;23.38;29.11;19.4;250.4;18;60.4;0.241;31;31
A521;BELO HORIZONTE - PAMPULHA;-19,88388888;-43,96944443;854,02;2021;01;-0.91;LN;23.76;30.35;19.06;215.6;13;33.6;0.156;31;31
A521;BELO HORIZONTE - PAMPULHA;-19,88388888;-43,96944443;854,02;2021;02;-0.79;LN;22.47;28.07;19.05;407.6;16;152;0.373;28;28
A521;BELO HORIZONTE - PAMPULHA;-19,88388888;-43,96944443;854,02;2021;03;-0.71;LN;23.17;29.38;18.72;105.8;9;36.4;0.344;31;31
A521;BELO HORIZONTE - PAMPULHA;-19,88388888;-43,96944443;854,02;2021;04;-0.55;LN;21.62;28.3;16.26;7.6;4;2.2;0.289;30;30
A521;BELO HORIZONTE - PAMPULHA;-19,88388888;-43,96944443;854,02;2021;05;-0.39;neutral;20.61;27.7;15.21;17.2;2;12;0.698;31;31
A521;BELO HORIZONTE - PAMPULHA;-19,88388888;-43,96944443;854,02;2021;06;-0.3;neutral;19.27;26.28;13.85;5;2;2.4;0.48;30;30
A521;BELO HORIZONTE - PAMPULHA;-19,88388888;-43,96944443;854,02;2021;07;-0.35;neutral;18.15;25.36;11.85;0;0;0;;31;31
A521;BELO HORIZONTE - PAMPULHA;-19,88388888;-43,96944443;854,02;2021;08;-0.45;neutral;20.08;26.75;15.17;15.6;2;13.4;0.859;31;31
A521;BELO HORIZONTE - PAMPULHA;-19,88388888;-43,96944443;854,02;2021;09;-0.63;LN;24.38;31.89;18.68;5.4;2;3.2;0.593;30;30
A521;BELO HORIZONTE - PAMPULHA;-19,88388888;-43,96944443;854,02;2021;10;-0.76;LN;22.56;28.53;18.62;241.4;13;50.2;0.208;31;31
A521;BELO HORIZONTE - PAMPULHA;-19,88388888;-43,96944443;854,02;2021;11;-0.91;LN;22.1;27.82;18.07;253.2;13;82.4;0.325;30;30
A521;BELO HORIZONTE - PAMPULHA;-19,88388888;-43,96944443;854,02;2021;12;-0.87;LN;21.93;27.65;18.29;390;16;96.4;0.247;31;31
A521;BELO HORIZONTE - PAMPULHA;-19,88388888;-43,96944443;854,02;2022;01;-0.82;LN;22.95;28.54;19.27;435.6;17;102;0.234;31;31
A521;BELO HORIZONTE - PAMPULHA;-19,88388888;-43,96944443;854,02;2022;02;-0.79;LN;22.18;28.16;18.89;314.8;18;38.6;0.123;28;28
A521;BELO HORIZONTE - PAMPULHA;-19,88388888;-43,96944443;854,02;2022;03;-0.86;LN;24.33;30.68;19.77;4.8;1;4.8;1;31;31
A521;BELO HORIZONTE - PAMPULHA;-19,88388888;-43,96944443;854,02;2022;04;-0.95;LN;22.92;29.52;17.97;28.2;5;13.2;0.468;30;30
A521;BELO HORIZONTE - PAMPULHA;-19,88388888;-43,96944443;854,02;2022;05;-0.9;LN;19.09;25.37;14.23;65.4;3;54.8;0.838;31;31
A521;BELO HORIZONTE - PAMPULHA;-19,88388888;-43,96944443;854,02;2022;06;-0.78;LN;18.89;25.87;13.23;0;0;0;;30;30
A521;BELO HORIZONTE - PAMPULHA;-19,88388888;-43,96944443;854,02;2022;07;-0.76;LN;19.05;25.94;13.52;0;0;0;;31;31
A521;BELO HORIZONTE - PAMPULHA;-19,88388888;-43,96944443;854,02;2022;08;-0.87;LN;20.13;27.38;14.51;0;0;0;;31;31
A521;BELO HORIZONTE - PAMPULHA;-19,88388888;-43,96944443;854,02;2022;09;-0.97;LN;21.61;28.6;16.37;53;4;20.8;0.392;30;30
A521;BELO HORIZONTE - PAMPULHA;-19,88388888;-43,96944443;854,02;2022;10;-0.94;LN;23.18;29.88;18.49;118;12;40;0.339;31;31
A521;BELO HORIZONTE - PAMPULHA;-19,88388888;-43,96944443;854,02;2022;11;-0.85;LN;21.23;27.79;16.53;261;18;38.4;0.147;30;30
A521;BELO HORIZONTE - PAMPULHA;-19,88388888;-43,96944443;854,02;2022;12;-0.71;LN;21.93;27.45;18.56;409.2;19;89.2;0.218;31;30
A521;BELO HORIZONTE - PAMPULHA;-19,88388888;-43,96944443;854,02;2023;01;-0.54;LN;22.12;28.34;18.8;504.4;22;101.4;0.201;31;31
A521;BELO HORIZONTE - PAMPULHA;-19,88388888;-43,96944443;854,02;2023;02;-0.29;neutral;24;30.63;19.43;99.4;6;28.8;0.29;28;28
A521;BELO HORIZONTE - PAMPULHA;-19,88388888;-43,96944443;854,02;2023;03;-0.02;neutral;24.18;30.29;19.5;44.4;4;36;0.811;31;31
A521;BELO HORIZONTE - PAMPULHA;-19,88388888;-43,96944443;854,02;2023;04;0.27;neutral;22.11;28.25;18.11;60;8;12;0.2;30;30
A521;BELO HORIZONTE - PAMPULHA;-19,88388888;-43,96944443;854,02;2023;05;0.57;EN_weakmod;20.03;26.83;14.93;0.6;0;0.4;0.667;31;31
A521;BELO HORIZONTE - PAMPULHA;-19,88388888;-43,96944443;854,02;2023;06;0.84;EN_weakmod;18.71;25.68;13.1;2.8;1;2;0.714;30;30
A521;BELO HORIZONTE - PAMPULHA;-19,88388888;-43,96944443;854,02;2023;07;1.12;EN_weakmod;19.48;26.63;14.37;1.6;1;1.6;1;31;31
A521;BELO HORIZONTE - PAMPULHA;-19,88388888;-43,96944443;854,02;2023;08;1.37;EN_weakmod;21.23;28.61;15.79;20.2;5;7.4;0.366;31;31
A521;BELO HORIZONTE - PAMPULHA;-19,88388888;-43,96944443;854,02;2023;09;1.6;EN_strong;24.02;31.56;18.93;10.8;2;8.6;0.796;30;30
A521;BELO HORIZONTE - PAMPULHA;-19,88388888;-43,96944443;854,02;2023;10;1.83;EN_strong;24.76;31.46;20.4;191.8;15;37.2;0.194;31;31
A521;BELO HORIZONTE - PAMPULHA;-19,88388888;-43,96944443;854,02;2023;11;1.99;EN_strong;25.75;32.48;20.14;126.4;8;37.2;0.294;30;30
A521;BELO HORIZONTE - PAMPULHA;-19,88388888;-43,96944443;854,02;2023;12;2.06;EN_strong;24.49;31.22;19.84;149;16;25.8;0.173;31;31
A521;BELO HORIZONTE - PAMPULHA;-19,88388888;-43,96944443;854,02;2024;01;1.92;EN_strong;23.83;30.17;19.96;265.8;20;34.8;0.131;31;31
A521;BELO HORIZONTE - PAMPULHA;-19,88388888;-43,96944443;854,02;2024;02;1.62;EN_strong;23.54;30.01;19.65;196;12;50.6;0.258;29;29
A521;BELO HORIZONTE - PAMPULHA;-19,88388888;-43,96944443;854,02;2024;03;1.26;EN_weakmod;24.31;30.75;20.3;162.6;11;76.8;0.472;31;31
A521;BELO HORIZONTE - PAMPULHA;-19,88388888;-43,96944443;854,02;2024;04;0.82;EN_weakmod;23.33;29.4;18.84;97;3;89.6;0.924;30;30
A521;BELO HORIZONTE - PAMPULHA;-19,88388888;-43,96944443;854,02;2024;05;0.49;neutral;22.44;29.04;17.09;0;0;0;;31;31
A521;BELO HORIZONTE - PAMPULHA;-19,88388888;-43,96944443;854,02;2024;06;0.22;neutral;20.2;27.3;14.47;0;0;0;;30;30
A521;BELO HORIZONTE - PAMPULHA;-19,88388888;-43,96944443;854,02;2024;07;0.08;neutral;20.26;27.35;14.26;0;0;0;;31;31
A521;BELO HORIZONTE - PAMPULHA;-19,88388888;-43,96944443;854,02;2024;08;-0.07;neutral;21.45;28.91;15.63;0;0;0;;31;31
A521;BELO HORIZONTE - PAMPULHA;-19,88388888;-43,96944443;854,02;2024;09;-0.17;neutral;24.85;32.46;18.95;0;0;0;;30;30
A521;BELO HORIZONTE - PAMPULHA;-19,88388888;-43,96944443;854,02;2024;10;-0.21;neutral;23.88;30.45;19.53;217.2;10;69.8;0.321;31;31
A521;BELO HORIZONTE - PAMPULHA;-19,88388888;-43,96944443;854,02;2024;11;-0.3;neutral;22.48;28.01;18.81;161.2;12;58.2;0.361;30;30
A521;BELO HORIZONTE - PAMPULHA;-19,88388888;-43,96944443;854,02;2024;12;-0.42;neutral;23;28.67;19.46;401.8;20;84.4;0.21;31;31
A521;BELO HORIZONTE - PAMPULHA;-19,88388888;-43,96944443;854,02;2025;01;-0.45;neutral;23.13;29.37;19.32;377.4;17;63;0.167;31;31
A521;BELO HORIZONTE - PAMPULHA;-19,88388888;-43,96944443;854,02;2025;02;-0.24;neutral;24.38;30.37;19.81;60;1;58.8;0.98;28;28
A521;BELO HORIZONTE - PAMPULHA;-19,88388888;-43,96944443;854,02;2025;03;-0.06;neutral;23.88;30.55;19.67;126;9;40.6;0.322;31;31
A521;BELO HORIZONTE - PAMPULHA;-19,88388888;-43,96944443;854,02;2025;04;0.02;neutral;22.48;28.15;18.69;126.4;5;93.2;0.737;30;30
A521;BELO HORIZONTE - PAMPULHA;-19,88388888;-43,96944443;854,02;2025;05;-0.02;neutral;19.92;26.07;15.42;0;0;0;;31;31
A521;BELO HORIZONTE - PAMPULHA;-19,88388888;-43,96944443;854,02;2025;06;-0.04;neutral;19.34;26.27;14.51;5.6;1;5.2;0.929;30;30
A521;BELO HORIZONTE - PAMPULHA;-19,88388888;-43,96944443;854,02;2025;07;-0.14;neutral;18.45;25.6;12.63;7;1;7;1;31;31
A521;BELO HORIZONTE - PAMPULHA;-19,88388888;-43,96944443;854,02;2025;08;-0.28;neutral;19.98;27.14;14.83;15.6;3;12;0.769;31;31
A521;BELO HORIZONTE - PAMPULHA;-19,88388888;-43,96944443;854,02;2025;09;-0.4;neutral;22.22;29.64;17.07;6.6;3;3;0.455;30;30
A521;BELO HORIZONTE - PAMPULHA;-19,88388888;-43,96944443;854,02;2025;10;-0.51;LN;22.58;29.52;17.82;65.6;6;24.6;0.375;31;30
A521;BELO HORIZONTE - PAMPULHA;-19,88388888;-43,96944443;854,02;2025;11;-0.55;LN;22.81;29.07;18.12;182.2;12;36.6;0.201;30;30
A521;BELO HORIZONTE - PAMPULHA;-19,88388888;-43,96944443;854,02;2025;12;-0.54;LN;23.66;29.83;19.32;280.8;15;60.6;0.216;31;31
A524;FORMIGA;-20,455;-45,45388888;878,14;2006;08;0.3;neutral;NaN;NaN;NaN;NaN;NaN;NaN;;14;14
A524;FORMIGA;-20,455;-45,45388888;878,14;2006;09;0.54;EN_weakmod;NaN;NaN;NaN;NaN;NaN;NaN;;30;30
A524;FORMIGA;-20,455;-45,45388888;878,14;2006;10;0.77;EN_weakmod;NaN;NaN;NaN;NaN;NaN;NaN;;31;31
A524;FORMIGA;-20,455;-45,45388888;878,14;2006;11;0.94;EN_weakmod;NaN;NaN;NaN;NaN;NaN;NaN;;30;30
A524;FORMIGA;-20,455;-45,45388888;878,14;2006;12;0.94;EN_weakmod;NaN;NaN;NaN;NaN;NaN;NaN;;30;29
A524;FORMIGA;-20,455;-45,45388888;878,14;2007;01;0.66;EN_weakmod;22.39;27.23;19.57;397.2;25;63.8;0.161;31;31
A524;FORMIGA;-20,455;-45,45388888;878,14;2007;02;0.22;neutral;22.77;28.2;18.68;89.2;9;23.4;0.262;28;28
A524;FORMIGA;-20,455;-45,45388888;878,14;2007;03;-0.12;neutral;23.81;30.3;18.45;35.8;5;17.6;0.492;31;31
A524;FORMIGA;-20,455;-45,45388888;878,14;2007;04;-0.32;neutral;22.18;28.27;17.5;63.8;9;28.8;0.451;30;30
A524;FORMIGA;-20,455;-45,45388888;878,14;2007;05;-0.38;neutral;18.87;25.66;13.19;47;5;26.4;0.562;31;31
A524;FORMIGA;-20,455;-45,45388888;878,14;2007;06;-0.47;neutral;18.32;25.95;11.8;1.2;1;1.2;1;30;30
A524;FORMIGA;-20,455;-45,45388888;878,14;2007;07;-0.56;LN;18.32;25.25;11.59;29.6;4;21;0.709;31;31
A524;FORMIGA;-20,455;-45,45388888;878,14;2007;08;-0.81;LN;19.81;26.7;12.8;0.2;0;0.2;1;31;31
A524;FORMIGA;-20,455;-45,45388888;878,14;2007;09;-1.07;LN;22.46;29.31;15.33;0;0;0;;30;30
A524;FORMIGA;-20,455;-45,45388888;878,14;2007;10;-1.34;LN;23.66;30.13;17.44;111.2;6;31.8;0.286;31;31
A524;FORMIGA;-20,455;-45,45388888;878,14;2007;11;-1.5;LN;22.08;27.81;18.11;165.8;11;79.2;0.478;27;27
A524;FORMIGA;-20,455;-45,45388888;878,14;2007;12;-1.6;LN;22.98;28.46;18.82;241;18;56;0.232;31;31
A524;FORMIGA;-20,455;-45,45388888;878,14;2008;01;-1.64;LN;22.15;27.2;18.56;435.2;17;75;0.172;31;31
A524;FORMIGA;-20,455;-45,45388888;878,14;2008;02;-1.52;LN;22.6;27.9;18.61;220;12;58.6;0.266;29;29
A524;FORMIGA;-20,455;-45,45388888;878,14;2008;03;-1.29;LN;22.17;27.89;17.95;132.4;11;35.4;0.267;31;31
A524;FORMIGA;-20,455;-45,45388888;878,14;2008;04;-1.01;LN;21.57;27.24;17.05;115.6;12;35.4;0.306;30;30
A524;FORMIGA;-20,455;-45,45388888;878,14;2008;05;-0.84;LN;18.55;25.21;13.1;2.8;1;1.2;0.429;31;31
A524;FORMIGA;-20,455;-45,45388888;878,14;2008;06;-0.61;LN;18.57;25.09;13.23;7.4;2;4.6;0.622;30;30
A524;FORMIGA;-20,455;-45,45388888;878,14;2008;07;-0.37;neutral;17.31;24.81;9.87;0;0;0;;31;31
A524;FORMIGA;-20,455;-45,45388888;878,14;2008;08;-0.23;neutral;20.54;27.34;13.63;18;2;11;0.611;31;31
A524;FORMIGA;-20,455;-45,45388888;878,14;2008;09;-0.24;neutral;20.68;27.77;14.08;52.6;4;40.4;0.768;30;30
A524;FORMIGA;-20,455;-45,45388888;878,14;2008;10;-0.35;neutral;23.28;29.51;17.8;51.2;5;24.6;0.48;31;31
A524;FORMIGA;-20,455;-45,45388888;878,14;2008;11;-0.55;LN;22;27.56;17.88;162.6;17;31.6;0.194;30;30
A524;FORMIGA;-20,455;-45,45388888;878,14;2008;12;-0.73;LN;21.81;26.68;18.31;553.4;17;188.8;0.341;31;31
A524;FORMIGA;-20,455;-45,45388888;878,14;2009;01;-0.85;LN;22.29;27.78;18.69;235.6;21;38.4;0.163;31;31
A524;FORMIGA;-20,455;-45,45388888;878,14;2009;02;-0.79;LN;23.25;29.2;18.86;240.6;11;38.8;0.161;28;28
A524;FORMIGA;-20,455;-45,45388888;878,14;2009;03;-0.61;LN;22.99;28.68;18.99;182.4;13;56.8;0.311;31;31
A524;FORMIGA;-20,455;-45,45388888;878,14;2009;04;-0.33;neutral;20.85;26.86;16.01;47.6;6;29;0.609;30;30
A524;FORMIGA;-20,455;-45,45388888;878,14;2009;05;0.01;neutral;19.28;25.65;13.77;33.2;7;20.4;0.614;31;31
A524;FORMIGA;-20,455;-45,45388888;878,14;2009;06;0.28;neutral;16.9;24.32;10.93;23;5;6.2;0.27;30;30
A524;FORMIGA;-20,455;-45,45388888;878,14;2009;07;0.45;neutral;19.45;26.52;12.86;5.2;1;5;0.962;31;31
A524;FORMIGA;-20,455;-45,45388888;878,14;2009;08;0.58;EN_weakmod;19.65;26.16;13.7;30.8;3;22.2;0.721;31;31
A524;FORMIGA;-20,455;-45,45388888;878,14;2009;09;0.71;EN_weakmod;22.27;28.21;17.04;101.6;7;34.6;0.341;30;30
A524;FORMIGA;-20,455;-45,45388888;878,14;2009;10;1.01;EN_weakmod;22.34;28.22;17.91;166.2;11;36.8;0.221;30;29
A524;FORMIGA;-20,455;-45,45388888;878,14;2009;11;1.36;EN_weakmod;24;29.9;19.64;115.8;9;50.8;0.439;30;30
A524;FORMIGA;-20,455;-45,45388888;878,14;2009;12;1.56;EN_strong;22.45;27.66;19.07;241.8;22;29.6;0.122;31;31
A524;FORMIGA;-20,455;-45,45388888;878,14;2010;01;1.5;EN_strong;23.85;29.57;19.55;157.4;11;70.8;0.45;31;31
A524;FORMIGA;-20,455;-45,45388888;878,14;2010;02;1.22;EN_weakmod;24.18;30.44;19.2;93.6;11;48.6;0.519;28;28
A524;FORMIGA;-20,455;-45,45388888;878,14;2010;03;0.84;EN_weakmod;23.31;29.29;19.03;102.2;12;35;0.342;31;31
A524;FORMIGA;-20,455;-45,45388888;878,14;2010;04;0.35;neutral;21.48;27.88;16.15;14;3;5.4;0.386;30;30
A524;FORMIGA;-20,455;-45,45388888;878,14;2010;05;-0.17;neutral;18.98;26.32;12.94;31.6;3;17;0.538;31;31
A524;FORMIGA;-20,455;-45,45388888;878,14;2010;06;-0.66;LN;17.02;24.99;10.18;3.2;1;2.6;0.813;30;30
A524;FORMIGA;-20,455;-45,45388888;878,14;2010;07;-1.05;LN;18.7;26.01;12.2;5.2;2;3.2;0.615;31;31
A524;FORMIGA;-20,455;-45,45388888;878,14;2010;08;-1.35;LN;19.31;27.59;10.92;0;0;0;;31;30
A524;FORMIGA;-20,455;-45,45388888;878,14;2010;09;-1.56;LN;21.71;28.58;15;44.6;5;29;0.65;30;30
A524;FORMIGA;-20,455;-45,45388888;878,14;2010;10;-1.64;LN;22.12;28.54;16.82;112;9;19.6;0.175;31;31
A524;FORMIGA;-20,455;-45,45388888;878,14;2010;11;-1.64;LN;22.06;27.46;18.28;187.2;10;42.6;0.228;30;30
A524;FORMIGA;-20,455;-45,45388888;878,14;2010;12;-1.54;LN;23.57;29.51;19.61;221.2;20;38.4;0.174;31;31
A524;FORMIGA;-20,455;-45,45388888;878,14;2011;01;-1.31;LN;23.16;28.54;19.34;235.2;16;38;0.162;31;31
A524;FORMIGA;-20,455;-45,45388888;878,14;2011;02;-1.04;LN;23.98;30.57;18.58;169;11;78;0.462;28;28
A524;FORMIGA;-20,455;-45,45388888;878,14;2011;03;-0.8;LN;22.09;27.35;18.77;398.2;18;99.8;0.251;31;31
A524;FORMIGA;-20,455;-45,45388888;878,14;2011;04;-0.62;LN;21.58;27.92;16.49;34;9;11.4;0.335;30;30
A524;FORMIGA;-20,455;-45,45388888;878,14;2011;05;-0.46;neutral;18.84;26.18;12.85;1;0;0.4;0.4;31;31
A524;FORMIGA;-20,455;-45,45388888;878,14;2011;06;-0.37;neutral;17.23;25.16;10.7;1.2;0;0.8;0.667;30;30
A524;FORMIGA;-20,455;-45,45388888;878,14;2011;07;-0.43;neutral;18.36;26.36;10.99;0;0;0;;31;31
A524;FORMIGA;-20,455;-45,45388888;878,14;2011;08;-0.58;LN;21.17;29.37;13.58;2.4;2;1.2;0.5;31;31
A524;FORMIGA;-20,455;-45,45388888;878,14;2011;09;-0.79;LN;21.72;29.71;14;0.4;0;0.4;1;30;30
A524;FORMIGA;-20,455;-45,45388888;878,14;2011;10;-0.96;LN;21.59;27.45;17.34;144.6;13;33.4;0.231;31;31
A524;FORMIGA;-20,455;-45,45388888;878,14;2011;11;-1.02;LN;21.16;27.25;16.48;203.4;14;39.8;0.196;30;30
A524;FORMIGA;-20,455;-45,45388888;878,14;2011;12;-0.92;LN;21.94;27.65;18.49;422.2;20;91.2;0.216;31;31
A524;FORMIGA;-20,455;-45,45388888;878,14;2012;01;-0.72;LN;21.64;27.25;18.16;506.8;22;142.6;0.281;31;31
A524;FORMIGA;-20,455;-45,45388888;878,14;2012;02;-0.57;LN;23.24;29.38;18.09;99.4;8;31.8;0.32;29;29
A524;FORMIGA;-20,455;-45,45388888;878,14;2012;03;-0.46;neutral;22.62;29.18;17.89;126.8;10;45.8;0.361;31;31
A524;FORMIGA;-20,455;-45,45388888;878,14;2012;04;-0.36;neutral;21.82;28.19;16.97;79.4;7;27.6;0.348;30;30
A524;FORMIGA;-20,455;-45,45388888;878,14;2012;05;-0.17;neutral;18.42;24.98;13.32;15;4;6.4;0.427;30;29
A524;FORMIGA;-20,455;-45,45388888;878,14;2012;06;0.06;neutral;18.89;25.68;13.75;85.8;8;24.2;0.282;30;30
A524;FORMIGA;-20,455;-45,45388888;878,14;2012;07;0.3;neutral;17.77;25.73;11;5;2;2.6;0.52;31;31
A524;FORMIGA;-20,455;-45,45388888;878,14;2012;08;0.41;neutral;18.63;25.52;12.01;0.6;0;0.6;1;31;31
A524;FORMIGA;-20,455;-45,45388888;878,14;2012;09;0.41;neutral;21.73;29.36;14.62;25.8;4;14.4;0.558;30;30
A524;FORMIGA;-20,455;-45,45388888;878,14;2012;10;0.31;neutral;24.16;31.45;17.47;15.8;3;11;0.696;31;31
A524;FORMIGA;-20,455;-45,45388888;878,14;2012;11;0.13;neutral;22.59;28.2;18.37;193.6;15;69.6;0.36;30;30
A524;FORMIGA;-20,455;-45,45388888;878,14;2012;12;-0.1;neutral;24.18;30.82;19.69;130.2;12;31.6;0.243;31;31
A524;FORMIGA;-20,455;-45,45388888;878,14;2013;01;-0.29;neutral;22.68;28.03;19.06;291;17;41.2;0.142;31;31
A524;FORMIGA;-20,455;-45,45388888;878,14;2013;02;-0.29;neutral;23.65;30.36;18.55;128.4;8;45;0.35;28;28
A524;FORMIGA;-20,455;-45,45388888;878,14;2013;03;-0.21;neutral;22.75;28.82;19;150;13;38.8;0.259;31;30
A524;FORMIGA;-20,455;-45,45388888;878,14;2013;04;-0.19;neutral;20.36;26.67;15.9;48;6;17.2;0.358;30;30
A524;FORMIGA;-20,455;-45,45388888;878,14;2013;05;-0.27;neutral;19.05;26.11;13.4;82;6;32;0.39;31;31
A524;FORMIGA;-20,455;-45,45388888;878,14;2013;06;-0.34;neutral;18.88;25.53;13.48;44;3;34.8;0.791;30;30
A524;FORMIGA;-20,455;-45,45388888;878,14;2013;07;-0.35;neutral;17.77;25.29;11.34;34.6;6;12.4;0.358;31;31
A524;FORMIGA;-20,455;-45,45388888;878,14;2013;08;-0.28;neutral;19.32;26.98;11.95;3.4;1;3;0.882;31;31
A524;FORMIGA;-20,455;-45,45388888;878,14;2013;09;-0.21;neutral;20.95;28.07;14.87;70.6;9;22.4;0.317;28;28
A524;FORMIGA;-20,455;-45,45388888;878,14;2013;10;-0.13;neutral;21.22;27.09;16.19;77.4;5;34.2;0.442;31;31
A524;FORMIGA;-20,455;-45,45388888;878,14;2013;11;-0.1;neutral;22.36;27.86;18;180;12;39.4;0.219;30;30
A524;FORMIGA;-20,455;-45,45388888;878,14;2013;12;-0.15;neutral;22.99;28.7;19.23;233.2;18;53.8;0.231;31;31
A524;FORMIGA;-20,455;-45,45388888;878,14;2014;01;-0.28;neutral;24.42;31.25;18.14;16.2;6;7.2;0.444;31;31
A524;FORMIGA;-20,455;-45,45388888;878,14;2014;02;-0.32;neutral;24.56;31.01;18.55;44.8;5;22.4;0.5;28;28
A524;FORMIGA;-20,455;-45,45388888;878,14;2014;03;-0.14;neutral;23.35;29.67;18.6;32.8;6;7.8;0.238;31;31
A524;FORMIGA;-20,455;-45,45388888;878,14;2014;04;0.15;neutral;21.67;28.11;17.08;88.4;7;30.2;0.342;30;30
A524;FORMIGA;-20,455;-45,45388888;878,14;2014;05;0.31;neutral;19.15;26.6;12.71;28.8;2;18.2;0.632;31;31
A524;FORMIGA;-20,455;-45,45388888;878,14;2014;06;0.23;neutral;18.97;26.48;12.57;10.6;2;5.2;0.491;30;30
A524;FORMIGA;-20,455;-45,45388888;878,14;2014;07;0.1;neutral;18.09;24.83;12.15;55.6;4;23.6;0.424;31;31
A524;FORMIGA;-20,455;-45,45388888;878,14;2014;08;0.11;neutral;19.95;27.97;11.95;0.6;0;0.6;1;31;31
A524;FORMIGA;-20,455;-45,45388888;878,14;2014;09;0.28;neutral;22.6;29.75;15.39;21.2;3;13.4;0.632;30;30
A524;FORMIGA;-20,455;-45,45388888;878,14;2014;10;0.54;EN_weakmod;23.47;30.56;17.06;35.2;2;31.8;0.903;31;31
A524;FORMIGA;-20,455;-45,45388888;878,14;2014;11;0.71;EN_weakmod;23.06;28.75;18.45;162;12;32;0.198;30;30
A524;FORMIGA;-20,455;-45,45388888;878,14;2014;12;0.77;EN_weakmod;23.11;28.73;18.76;123.4;12;23.6;0.191;31;31
A524;FORMIGA;-20,455;-45,45388888;878,14;2015;01;0.69;EN_weakmod;24.85;31.45;19.23;162.2;9;50.8;0.313;31;31
A524;FORMIGA;-20,455;-45,45388888;878,14;2015;02;0.61;EN_weakmod;22.72;28.71;18.77;164.2;17;24.8;0.151;28;28
A524;FORMIGA;-20,455;-45,45388888;878,14;2015;03;0.65;EN_weakmod;22.14;27.59;18.46;354.4;17;80.6;0.227;31;31
A524;FORMIGA;-20,455;-45,45388888;878,14;2015;04;0.81;EN_weakmod;21.5;27.37;16.97;63.6;6;23.8;0.374;30;30
A524;FORMIGA;-20,455;-45,45388888;878,14;2015;05;1.02;EN_weakmod;19;24.7;14.39;48.4;5;22;0.455;31;31
A524;FORMIGA;-20,455;-45,45388888;878,14;2015;06;1.25;EN_weakmod;18.2;24.63;12.94;41.8;4;30;0.718;30;30
A524;FORMIGA;-20,455;-45,45388888;878,14;2015;07;1.57;EN_strong;19.29;26.07;13.05;0.6;0;0.4;0.667;31;31
A524;FORMIGA;-20,455;-45,45388888;878,14;2015;08;1.91;EN_strong;19.66;27.22;12.33;0;0;0;;22;22
A524;FORMIGA;-20,455;-45,45388888;878,14;2015;09;2.21;EN_strong;NaN;NaN;NaN;NaN;NaN;NaN;;14;0
A524;FORMIGA;-20,455;-45,45388888;878,14;2015;10;2.47;EN_strong;25.45;32.18;19.19;27.6;2;18.8;0.681;30;29
A524;FORMIGA;-20,455;-45,45388888;878,14;2015;11;2.64;EN_strong;24.04;30.08;19.44;143;13;19.8;0.138;30;30
A524;FORMIGA;-20,455;-45,45388888;878,14;2015;12;2.75;EN_strong;23.39;29.27;19.1;250;19;63.2;0.253;31;31
A524;FORMIGA;-20,455;-45,45388888;878,14;2016;01;2.63;EN_strong;22.85;27.69;19.54;320.4;21;69.8;0.218;31;31
A524;FORMIGA;-20,455;-45,45388888;878,14;2016;02;2.28;EN_strong;NaN;NaN;NaN;NaN;NaN;NaN;;11;11
A524;FORMIGA;-20,455;-45,45388888;878,14;2016;03;1.71;EN_strong;NaN;NaN;NaN;NaN;NaN;NaN;;10;10
A524;FORMIGA;-20,455;-45,45388888;878,14;2016;04;1.05;EN_weakmod;22.82;29.13;16.72;26.4;2;19.4;0.735;30;30
A524;FORMIGA;-20,455;-45,45388888;878,14;2016;05;0.49;neutral;19.69;26.15;14.1;7.4;1;7;0.946;31;31
A524;FORMIGA;-20,455;-45,45388888;878,14;2016;06;0;neutral;17.42;23.97;11.8;97.8;7;37.4;0.382;30;30
A524;FORMIGA;-20,455;-45,45388888;878,14;2016;07;-0.31;neutral;18.58;26.35;11.07;0.2;0;0.2;1;31;31
A524;FORMIGA;-20,455;-45,45388888;878,14;2016;08;-0.5;LN;20.18;27.77;12.74;14.6;2;8;0.548;31;31
A524;FORMIGA;-20,455;-45,45388888;878,14;2016;09;-0.58;LN;22.95;30.63;15.66;6.4;2;2.8;0.437;30;30
A524;FORMIGA;-20,455;-45,45388888;878,14;2016;10;-0.64;LN;22.82;29.25;17.64;113.6;11;22.4;0.197;31;31
A524;FORMIGA;-20,455;-45,45388888;878,14;2016;11;-0.6;LN;22.04;27.43;18.26;248.4;15;65;0.262;30;30
A524;FORMIGA;-20,455;-45,45388888;878,14;2016;12;-0.45;neutral;23.22;28.97;18.52;123.6;10;36;0.291;31;31
A524;FORMIGA;-20,455;-45,45388888;878,14;2017;01;-0.19;neutral;23.95;30.12;19.3;131.6;12;22.6;0.172;31;31
A524;FORMIGA;-20,455;-45,45388888;878,14;2017;02;-0.02;neutral;23.45;29.13;18.8;179;8;91.6;0.512;28;28
A524;FORMIGA;-20,455;-45,45388888;878,14;2017;03;0.18;neutral;23.15;29.53;17.8;58.8;5;32.8;0.558;31;31
A524;FORMIGA;-20,455;-45,45388888;878,14;2017;04;0.31;neutral;22.06;28.23;17.12;90.8;5;68;0.749;30;30
A524;FORMIGA;-20,455;-45,45388888;878,14;2017;05;0.4;neutral;NaN;NaN;NaN;NaN;NaN;NaN;;13;12
A524;FORMIGA;-20,455;-45,45388888;878,14;2017;06;0.39;neutral;18.1;24.97;12.14;14.6;2;12;0.822;24;24
A524;FORMIGA;-20,455;-45,45388888;878,14;2017;07;0.19;neutral;16.76;23.47;10.49;0;0;0;;31;31
A524;FORMIGA;-20,455;-45,45388888;878,14;2017;08;-0.07;neutral;20;27.85;12.15;0;0;0;;31;31
A524;FORMIGA;-20,455;-45,45388888;878,14;2017;09;-0.34;neutral;21.99;29.4;14.39;31.2;2;30.2;0.968;30;30
A524;FORMIGA;-20,455;-45,45388888;878,14;2017;10;-0.6;LN;23.6;30.07;17.49;75.8;7;19.4;0.256;31;31
A524;FORMIGA;-20,455;-45,45388888;878,14;2017;11;-0.77;LN;22.3;27.55;18.32;142.6;12;35.4;0.248;30;30
A524;FORMIGA;-20,455;-45,45388888;878,14;2017;12;-0.86;LN;22.97;28.69;18.94;300.2;18;98.2;0.327;31;31
A524;FORMIGA;-20,455;-45,45388888;878,14;2018;01;-0.77;LN;23.04;29.14;18.77;271.2;17;42.4;0.156;31;31
A524;FORMIGA;-20,455;-45,45388888;878,14;2018;02;-0.71;LN;22.76;28.15;18.81;116.2;14;34.6;0.298;28;28
A524;FORMIGA;-20,455;-45,45388888;878,14;2018;03;-0.57;LN;23.81;29.73;19.28;93.8;12;23.6;0.252;31;31
A524;FORMIGA;-20,455;-45,45388888;878,14;2018;04;-0.39;neutral;21.31;27.51;16.15;31.4;3;12.6;0.401;30;30
A524;FORMIGA;-20,455;-45,45388888;878,14;2018;05;-0.13;neutral;18.96;26.25;12.61;19.8;3;14.2;0.717;31;31
A524;FORMIGA;-20,455;-45,45388888;878,14;2018;06;0.06;neutral;19.17;26.01;13.3;13.6;1;12;0.882;30;30
A524;FORMIGA;-20,455;-45,45388888;878,14;2018;07;0.14;neutral;18.6;26.25;11.32;0.6;0;0.6;1;31;31
A524;FORMIGA;-20,455;-45,45388888;878,14;2018;08;0.27;neutral;19.13;26.14;12.84;53.4;6;19.6;0.367;31;31
A524;FORMIGA;-20,455;-45,45388888;878,14;2018;09;0.53;EN_weakmod;21.72;28.73;15.34;75;9;17.4;0.232;30;30
A524;FORMIGA;-20,455;-45,45388888;878,14;2018;10;0.81;EN_weakmod;22.91;28.82;18.55;238.6;13;71;0.298;31;31
A524;FORMIGA;-20,455;-45,45388888;878,14;2018;11;0.97;EN_weakmod;21.79;26.55;18.14;383.2;18;83.4;0.218;30;30
A524;FORMIGA;-20,455;-45,45388888;878,14;2018;12;0.92;EN_weakmod;23.11;29.18;18.55;230;15;53.4;0.232;31;31
A524;FORMIGA;-20,455;-45,45388888;878,14;2019;01;0.89;EN_weakmod;24.54;31;19.17;50.8;5;18.6;0.366;31;31
A524;FORMIGA;-20,455;-45,45388888;878,14;2019;02;0.86;EN_weakmod;23.4;29.54;19.05;272.8;15;54;0.198;28;28
A524;FORMIGA;-20,455;-45,45388888;878,14;2019;03;0.84;EN_weakmod;22.64;28.99;18.48;274;17;56.6;0.207;31;31
A524;FORMIGA;-20,455;-45,45388888;878,14;2019;04;0.77;EN_weakmod;22.47;28.71;17.76;83.8;7;24.8;0.296;30;30
A524;FORMIGA;-20,455;-45,45388888;878,14;2019;05;0.64;EN_weakmod;20.51;26.87;15.25;46.2;5;16;0.346;31;31
A524;FORMIGA;-20,455;-45,45388888;878,14;2019;06;0.52;EN_weakmod;18.48;25.55;12.18;21.4;2;15.4;0.72;30;30
A524;FORMIGA;-20,455;-45,45388888;878,14;2019;07;0.33;neutral;19.02;25.26;11.09;NaN;NaN;NaN;;30;17
A524;FORMIGA;-20,455;-45,45388888;878,14;2019;08;0.19;neutral;20.21;27.01;12.77;1;0;0.4;0.4;31;26
A524;FORMIGA;-20,455;-45,45388888;878,14;2019;09;0.23;neutral;23.67;30.97;16.88;53;3;34.6;0.653;30;30
A524;FORMIGA;-20,455;-45,45388888;878,14;2019;10;0.39;neutral;23.81;30.7;17.53;39.2;5;15.2;0.388;31;31
A524;FORMIGA;-20,455;-45,45388888;878,14;2019;11;0.58;EN_weakmod;23.1;29.02;18.89;171.2;13;62.2;0.363;30;30
A524;FORMIGA;-20,455;-45,45388888;878,14;2019;12;0.66;EN_weakmod;23.25;28.89;19.13;119.8;14;23.4;0.195;31;31
A524;FORMIGA;-20,455;-45,45388888;878,14;2020;01;0.64;EN_weakmod;23.6;29.3;20;248;17;90;0.363;31;31
A524;FORMIGA;-20,455;-45,45388888;878,14;2020;02;0.63;EN_weakmod;22.71;28.16;19.37;393.6;22;63.4;0.161;29;29
A524;FORMIGA;-20,455;-45,45388888;878,14;2020;03;0.53;EN_weakmod;22.31;28.33;17.65;75.6;11;16;0.212;31;31
A524;FORMIGA;-20,455;-45,45388888;878,14;2020;04;0.3;neutral;21.38;27.33;16.68;30.4;5;11.8;0.388;30;30
A524;FORMIGA;-20,455;-45,45388888;878,14;2020;05;0.01;neutral;18.05;24.6;12.61;36.4;5;24;0.659;31;31
A524;FORMIGA;-20,455;-45,45388888;878,14;2020;06;-0.23;neutral;18.82;25.74;12.79;2.6;1;1.8;0.692;30;30
A524;FORMIGA;-20,455;-45,45388888;878,14;2020;07;-0.36;neutral;19.41;26.65;12.81;19.8;1;19.8;1;31;31
A524;FORMIGA;-20,455;-45,45388888;878,14;2020;08;-0.53;LN;19.41;26.39;12.29;12.8;2;10.8;0.844;31;31
A524;FORMIGA;-20,455;-45,45388888;878,14;2020;09;-0.85;LN;23.64;30.75;15.87;14.6;4;7.4;0.507;30;30
A524;FORMIGA;-20,455;-45,45388888;878,14;2020;10;-1.12;LN;23.88;30.01;18.57;88;11;27.4;0.311;31;31
A524;FORMIGA;-20,455;-45,45388888;878,14;2020;11;-1.2;LN;22.6;28.85;17.56;232;13;62.2;0.268;30;30
A524;FORMIGA;-20,455;-45,45388888;878,14;2020;12;-1.08;LN;22.72;28.23;18.83;3.8;1;3.6;0.947;31;31
A524;FORMIGA;-20,455;-45,45388888;878,14;2021;01;-0.91;LN;23.67;29.54;18.79;NaN;NaN;NaN;;31;0
A524;FORMIGA;-20,455;-45,45388888;878,14;2021;02;-0.79;LN;22.55;28.27;18.67;129.4;9;27.4;0.212;28;28
A524;FORMIGA;-20,455;-45,45388888;878,14;2021;03;-0.71;LN;23.19;29.55;18.07;104.8;8;33.8;0.323;31;31
A524;FORMIGA;-20,455;-45,45388888;878,14;2021;04;-0.55;LN;20.84;28.16;14.56;NaN;NaN;NaN;;30;0
A524;FORMIGA;-20,455;-45,45388888;878,14;2021;05;-0.39;neutral;19.72;26.95;13.82;56;6;31.2;0.557;31;31
A524;FORMIGA;-20,455;-45,45388888;878,14;2021;06;-0.3;neutral;17.99;25.19;11.82;1.2;0;0.4;0.333;30;30
A524;FORMIGA;-20,455;-45,45388888;878,14;2021;07;-0.35;neutral;16.54;24.7;8.64;0;0;0;;31;31
A524;FORMIGA;-20,455;-45,45388888;878,14;2021;08;-0.45;neutral;20.06;27.27;12.53;2;1;2;1;31;31
A524;FORMIGA;-20,455;-45,45388888;878,14;2021;09;-0.63;LN;24.66;32.4;17.19;0.6;0;0.4;0.667;30;30
A524;FORMIGA;-20,455;-45,45388888;878,14;2021;10;-0.76;LN;22.22;27.83;17.89;315;17;46.4;0.147;31;31
A524;FORMIGA;-20,455;-45,45388888;878,14;2021;11;-0.91;LN;22.46;28.26;17.6;206;11;40.8;0.198;30;30
A524;FORMIGA;-20,455;-45,45388888;878,14;2021;12;-0.87;LN;22.32;27.55;18.41;294.2;13;83.2;0.283;31;31
A524;FORMIGA;-20,455;-45,45388888;878,14;2022;01;-0.82;LN;NaN;NaN;NaN;NaN;NaN;NaN;;19;19
A524;FORMIGA;-20,455;-45,45388888;878,14;2022;02;-0.79;LN;NaN;NaN;NaN;NaN;NaN;NaN;;3;3
A524;FORMIGA;-20,455;-45,45388888;878,14;2022;03;-0.86;LN;23.89;29.91;18.68;68.8;7;33.8;0.491;31;31
A524;FORMIGA;-20,455;-45,45388888;878,14;2022;04;-0.95;LN;22.29;28.53;16.97;39.2;5;16.2;0.413;30;30
A524;FORMIGA;-20,455;-45,45388888;878,14;2022;05;-0.9;LN;18.34;24.96;12.5;28.2;2;22.8;0.809;31;31
A524;FORMIGA;-20,455;-45,45388888;878,14;2022;06;-0.78;LN;17.97;25.2;11.68;0.2;0;0.2;1;30;30
A524;FORMIGA;-20,455;-45,45388888;878,14;2022;07;-0.76;LN;18.9;26.27;11.55;0;0;0;;31;31
A524;FORMIGA;-20,455;-45,45388888;878,14;2022;08;-0.87;LN;19.57;26.49;12.59;7.4;1;7.4;1;31;31
A524;FORMIGA;-20,455;-45,45388888;878,14;2022;09;-0.97;LN;21.77;28.52;15.41;60.2;3;27.6;0.458;30;30
A524;FORMIGA;-20,455;-45,45388888;878,14;2022;10;-0.94;LN;23.13;29.51;17.72;130.4;9;38;0.291;31;31
A524;FORMIGA;-20,455;-45,45388888;878,14;2022;11;-0.85;LN;21.16;26.98;16.6;82.6;12;17.6;0.213;30;30
A524;FORMIGA;-20,455;-45,45388888;878,14;2022;12;-0.71;LN;21.76;26.72;18.53;326.2;21;62.4;0.191;31;31
A524;FORMIGA;-20,455;-45,45388888;878,14;2023;01;-0.54;LN;22.07;27.25;18.75;439.6;24;60;0.136;31;31
A524;FORMIGA;-20,455;-45,45388888;878,14;2023;02;-0.29;neutral;23.52;29.66;19.08;104;10;24;0.231;28;28
A524;FORMIGA;-20,455;-45,45388888;878,14;2023;03;-0.02;neutral;23.48;29.58;18.72;37.4;10;7.2;0.193;31;31
A524;FORMIGA;-20,455;-45,45388888;878,14;2023;04;0.27;neutral;21.39;27.29;16.79;78;8;25.8;0.331;30;30
A524;FORMIGA;-20,455;-45,45388888;878,14;2023;05;0.57;EN_weakmod;18.81;25.85;12.87;9;1;8.2;0.911;31;31
A524;FORMIGA;-20,455;-45,45388888;878,14;2023;06;0.84;EN_weakmod;17.59;25.01;11.18;16.4;1;15.2;0.927;30;30
A524;FORMIGA;-20,455;-45,45388888;878,14;2023;07;1.12;EN_weakmod;18.67;26.18;11.81;6;2;4.2;0.7;31;31
A524;FORMIGA;-20,455;-45,45388888;878,14;2023;08;1.37;EN_weakmod;20.77;27.92;14.06;21;4;8.6;0.41;31;31
A524;FORMIGA;-20,455;-45,45388888;878,14;2023;09;1.6;EN_strong;24.4;31.57;17.52;5.6;2;4.2;0.75;25;25
A524;FORMIGA;-20,455;-45,45388888;878,14;2023;10;1.83;EN_strong;NaN;NaN;NaN;NaN;NaN;NaN;;0;0
A524;FORMIGA;-20,455;-45,45388888;878,14;2023;11;1.99;EN_strong;25.83;32.7;20.06;150.4;8;80.2;0.533;20;20
A524;FORMIGA;-20,455;-45,45388888;878,14;2023;12;2.06;EN_strong;24.94;30.78;20.19;24.2;5;8.6;0.355;31;31
A524;FORMIGA;-20,455;-45,45388888;878,14;2024;01;1.92;EN_strong;23.54;29.07;19.55;22.6;5;9;0.398;31;31
A524;FORMIGA;-20,455;-45,45388888;878,14;2024;02;1.62;EN_strong;23.45;29.2;19.31;42.6;5;16.6;0.39;29;29
A524;FORMIGA;-20,455;-45,45388888;878,14;2024;03;1.26;EN_weakmod;23.9;29.43;20.28;193.8;16;94.8;0.489;31;31
A524;FORMIGA;-20,455;-45,45388888;878,14;2024;04;0.82;EN_weakmod;22.95;29.12;18.1;33.2;4;25.6;0.771;30;30
A524;FORMIGA;-20,455;-45,45388888;878,14;2024;05;0.49;neutral;21.69;28.79;15.26;1.6;1;1.2;0.75;31;31
A524;FORMIGA;-20,455;-45,45388888;878,14;2024;06;0.22;neutral;19.6;27.15;12.56;0;0;0;;30;30
A524;FORMIGA;-20,455;-45,45388888;878,14;2024;07;0.08;neutral;19.61;27.07;12.08;0;0;0;;31;31
A524;FORMIGA;-20,455;-45,45388888;878,14;2024;08;-0.07;neutral;20.48;28.52;12.31;0;0;0;;31;31
A524;FORMIGA;-20,455;-45,45388888;878,14;2024;09;-0.17;neutral;24.95;32.49;17.02;11.4;1;11.4;1;30;30
A524;FORMIGA;-20,455;-45,45388888;878,14;2024;10;-0.21;neutral;23.94;30.51;18.75;163.2;10;43.4;0.266;31;31
A524;FORMIGA;-20,455;-45,45388888;878,14;2024;11;-0.3;neutral;22.74;27.76;18.93;210.6;12;64.4;0.306;30;30
A524;FORMIGA;-20,455;-45,45388888;878,14;2024;12;-0.42;neutral;23.19;28.69;19.41;296.4;24;78;0.263;31;31
A524;FORMIGA;-20,455;-45,45388888;878,14;2025;01;-0.45;neutral;23.35;29.53;19.44;253;20;74.4;0.294;31;31
A524;FORMIGA;-20,455;-45,45388888;878,14;2025;02;-0.24;neutral;24.55;30.8;18.69;18.2;4;8.6;0.473;28;28
A524;FORMIGA;-20,455;-45,45388888;878,14;2025;03;-0.06;neutral;24.01;30.34;19.25;108.2;9;58.2;0.538;31;31
A524;FORMIGA;-20,455;-45,45388888;878,14;2025;04;0.02;neutral;21.92;27.53;17.83;104.2;11;31.6;0.303;30;30
A524;FORMIGA;-20,455;-45,45388888;878,14;2025;05;-0.02;neutral;19.44;25.89;14.01;0;0;0;;31;31
A524;FORMIGA;-20,455;-45,45388888;878,14;2025;06;-0.04;neutral;18.43;25.36;12.26;14.6;3;6;0.411;30;30
A524;FORMIGA;-20,455;-45,45388888;878,14;2025;07;-0.14;neutral;17.71;25.23;10.79;12.2;2;6.8;0.557;31;31
A524;FORMIGA;-20,455;-45,45388888;878,14;2025;08;-0.28;neutral;19.44;27.24;11.6;6.2;2;5;0.806;31;31
A524;FORMIGA;-20,455;-45,45388888;878,14;2025;09;-0.4;neutral;22.01;29.82;14.77;18.4;4;10.4;0.565;30;30
A524;FORMIGA;-20,455;-45,45388888;878,14;2025;10;-0.51;LN;22.45;28.99;16.88;86.6;7;30;0.346;31;31
A524;FORMIGA;-20,455;-45,45388888;878,14;2025;11;-0.55;LN;22.6;28.92;17.7;177.4;14;32.4;0.183;30;30
A524;FORMIGA;-20,455;-45,45388888;878,14;2025;12;-0.54;LN;23.87;29.51;19.47;179.6;19;24;0.134;31;31
A535;FLORESTAL;-19,88527777;-44,41694443;753,5;2008;06;-0.61;LN;NaN;NaN;NaN;NaN;NaN;NaN;;4;3
A535;FLORESTAL;-19,88527777;-44,41694443;753,5;2008;07;-0.37;neutral;NaN;NaN;NaN;NaN;NaN;NaN;;31;31
A535;FLORESTAL;-19,88527777;-44,41694443;753,5;2008;08;-0.23;neutral;NaN;NaN;NaN;NaN;NaN;NaN;;31;31
A535;FLORESTAL;-19,88527777;-44,41694443;753,5;2008;09;-0.24;neutral;NaN;NaN;NaN;NaN;NaN;NaN;;30;30
A535;FLORESTAL;-19,88527777;-44,41694443;753,5;2008;10;-0.35;neutral;NaN;NaN;NaN;NaN;NaN;NaN;;31;31
A535;FLORESTAL;-19,88527777;-44,41694443;753,5;2008;11;-0.55;LN;NaN;NaN;NaN;NaN;NaN;NaN;;30;30
A535;FLORESTAL;-19,88527777;-44,41694443;753,5;2008;12;-0.73;LN;NaN;NaN;NaN;NaN;NaN;NaN;;31;31
A535;FLORESTAL;-19,88527777;-44,41694443;753,5;2009;01;-0.85;LN;22.81;29.35;18.47;300;17;56.2;0.187;31;31
A535;FLORESTAL;-19,88527777;-44,41694443;753,5;2009;02;-0.79;LN;23;30.36;18.08;316;13;103.6;0.328;28;28
A535;FLORESTAL;-19,88527777;-44,41694443;753,5;2009;03;-0.61;LN;22.91;30.5;17.89;203.6;13;79;0.388;31;31
A535;FLORESTAL;-19,88527777;-44,41694443;753,5;2009;04;-0.33;neutral;20.47;28.18;15.13;64;5;30;0.469;30;30
A535;FLORESTAL;-19,88527777;-44,41694443;753,5;2009;05;0.01;neutral;18.16;27.12;11.75;9;3;2.4;0.267;31;31
A535;FLORESTAL;-19,88527777;-44,41694443;753,5;2009;06;0.28;neutral;16.52;25.83;9.97;12.6;2;7.8;0.619;30;30
A535;FLORESTAL;-19,88527777;-44,41694443;753,5;2009;07;0.45;neutral;17.6;27.96;10.12;1.6;0;0.2;0.125;31;31
A535;FLORESTAL;-19,88527777;-44,41694443;753,5;2009;08;0.58;EN_weakmod;18.12;27.52;11.23;26.2;2;23.6;0.901;31;31
A535;FLORESTAL;-19,88527777;-44,41694443;753,5;2009;09;0.71;EN_weakmod;22.05;30.67;15.56;65;6;29;0.446;30;30
A535;FLORESTAL;-19,88527777;-44,41694443;753,5;2009;10;1.01;EN_weakmod;22.52;29.59;17.55;265.2;13;50.6;0.191;31;29
A535;FLORESTAL;-19,88527777;-44,41694443;753,5;2009;11;1.36;EN_weakmod;23.59;31.31;17.94;169.4;13;44.2;0.261;30;30
A535;FLORESTAL;-19,88527777;-44,41694443;753,5;2009;12;1.56;EN_strong;22.25;28.36;18.51;537;21;87.2;0.162;31;31
A535;FLORESTAL;-19,88527777;-44,41694443;753,5;2010;01;1.5;EN_strong;23.47;31.38;17.89;157.2;7;61.4;0.391;31;31
A535;FLORESTAL;-19,88527777;-44,41694443;753,5;2010;02;1.22;EN_weakmod;23.78;32.28;17.58;9.2;2;7.2;0.783;28;28
A535;FLORESTAL;-19,88527777;-44,41694443;753,5;2010;03;0.84;EN_weakmod;22.88;30.36;18.09;252.6;14;59;0.234;31;31
A535;FLORESTAL;-19,88527777;-44,41694443;753,5;2010;04;0.35;neutral;20.38;29.16;14.4;63.4;3;50.2;0.792;30;30
A535;FLORESTAL;-19,88527777;-44,41694443;753,5;2010;05;-0.17;neutral;17.85;27.04;11.43;58.2;5;32.8;0.564;31;31
A535;FLORESTAL;-19,88527777;-44,41694443;753,5;2010;06;-0.66;LN;14.97;25.41;7.28;3.8;1;1.4;0.368;30;30
A535;FLORESTAL;-19,88527777;-44,41694443;753,5;2010;07;-1.05;LN;16.48;26.38;8.86;1.4;0;0.2;0.143;31;31
A535;FLORESTAL;-19,88527777;-44,41694443;753,5;2010;08;-1.35;LN;16.3;28.09;7.28;0.8;0;0.6;0.75;31;31
A535;FLORESTAL;-19,88527777;-44,41694443;753,5;2010;09;-1.56;LN;19.61;29.37;11.88;74.8;4;39.4;0.527;30;30
A535;FLORESTAL;-19,88527777;-44,41694443;753,5;2010;10;-1.64;LN;21.95;29.78;16.35;172;11;48.4;0.281;31;31
A535;FLORESTAL;-19,88527777;-44,41694443;753,5;2010;11;-1.64;LN;21.72;27.92;17.59;295;16;89.6;0.304;30;30
A535;FLORESTAL;-19,88527777;-44,41694443;753,5;2010;12;-1.54;LN;23.4;30.49;18.83;193;10;55.4;0.287;31;31
A535;FLORESTAL;-19,88527777;-44,41694443;753,5;2011;01;-1.31;LN;22.93;29.79;18.1;291.2;11;48.4;0.166;31;31
A535;FLORESTAL;-19,88527777;-44,41694443;753,5;2011;02;-1.04;LN;23.93;32.53;17.46;53.4;6;19.4;0.363;28;28
A535;FLORESTAL;-19,88527777;-44,41694443;753,5;2011;03;-0.8;LN;22.28;28.98;18.36;362;15;81.2;0.224;31;31
A535;FLORESTAL;-19,88527777;-44,41694443;753,5;2011;04;-0.62;LN;21.05;29.24;15.29;37.4;4;11.4;0.305;30;30
A535;FLORESTAL;-19,88527777;-44,41694443;753,5;2011;05;-0.46;neutral;17.93;27.31;11.3;3.4;0;0.8;0.235;31;31
A535;FLORESTAL;-19,88527777;-44,41694443;753,5;2011;06;-0.37;neutral;16.19;26.09;9.04;16.2;2;10.6;0.654;30;30
A535;FLORESTAL;-19,88527777;-44,41694443;753,5;2011;07;-0.43;neutral;16.01;26.79;8.01;1.2;0;0.2;0.167;31;31
A535;FLORESTAL;-19,88527777;-44,41694443;753,5;2011;08;-0.58;LN;18.64;30.13;9.79;0.6;0;0.4;0.667;31;31
A535;FLORESTAL;-19,88527777;-44,41694443;753,5;2011;09;-0.79;LN;19.5;30.19;10.64;0.6;0;0.4;0.667;30;30
A535;FLORESTAL;-19,88527777;-44,41694443;753,5;2011;10;-0.96;LN;21.08;27.93;16.14;174.8;11;40.8;0.233;31;31
A535;FLORESTAL;-19,88527777;-44,41694443;753,5;2011;11;-1.02;LN;20.5;27.68;15.39;424.2;14;78.2;0.184;30;30
A535;FLORESTAL;-19,88527777;-44,41694443;753,5;2011;12;-0.92;LN;21.74;27.63;18.18;783.2;20;155;0.198;31;31
A535;FLORESTAL;-19,88527777;-44,41694443;753,5;2012;01;-0.72;LN;22.03;28.6;17.29;384.2;18;82.8;0.216;31;31
A535;FLORESTAL;-19,88527777;-44,41694443;753,5;2012;02;-0.57;LN;22.68;30.67;16.56;43.2;5;29;0.671;29;29
A535;FLORESTAL;-19,88527777;-44,41694443;753,5;2012;03;-0.46;neutral;22.17;29.77;16.82;184.6;12;32.8;0.178;31;31
A535;FLORESTAL;-19,88527777;-44,41694443;753,5;2012;04;-0.36;neutral;21.1;29.19;15.54;35.2;8;11.8;0.335;30;30
A535;FLORESTAL;-19,88527777;-44,41694443;753,5;2012;05;-0.17;neutral;17.75;25.55;12.19;30.2;5;13.8;0.457;31;31
A535;FLORESTAL;-19,88527777;-44,41694443;753,5;2012;06;0.06;neutral;17.8;26.56;11.75;50.4;4;22.2;0.44;30;30
A535;FLORESTAL;-19,88527777;-44,41694443;753,5;2012;07;0.3;neutral;15.96;26.78;7.95;1.2;0;0.2;0.167;31;31
A535;FLORESTAL;-19,88527777;-44,41694443;753,5;2012;08;0.41;neutral;16.58;26.34;8.6;1.2;0;0.6;0.5;31;31
A535;FLORESTAL;-19,88527777;-44,41694443;753,5;2012;09;0.41;neutral;20.33;30.44;12.17;39.8;4;29;0.729;30;30
A535;FLORESTAL;-19,88527777;-44,41694443;753,5;2012;10;0.31;neutral;21.99;31.15;14.63;78.2;6;43.2;0.552;31;31
A535;FLORESTAL;-19,88527777;-44,41694443;753,5;2012;11;0.13;neutral;22.27;28.98;17.74;306;18;63.4;0.207;30;30
A535;FLORESTAL;-19,88527777;-44,41694443;753,5;2012;12;-0.1;neutral;24.25;32.01;18.77;213;10;93.4;0.438;31;31
A535;FLORESTAL;-19,88527777;-44,41694443;753,5;2013;01;-0.29;neutral;22.69;29.35;18.63;299.6;20;60;0.2;31;31
A535;FLORESTAL;-19,88527777;-44,41694443;753,5;2013;02;-0.29;neutral;23.4;31.66;17.14;94.8;5;33.6;0.354;28;28
A535;FLORESTAL;-19,88527777;-44,41694443;753,5;2013;03;-0.21;neutral;23;29.39;18.8;122.8;15;52.6;0.428;30;30
A535;FLORESTAL;-19,88527777;-44,41694443;753,5;2013;04;-0.19;neutral;19.95;27.48;14.81;90.8;10;34.6;0.381;30;30
A535;FLORESTAL;-19,88527777;-44,41694443;753,5;2013;05;-0.27;neutral;18.5;27.16;12.18;75.2;4;46.6;0.62;31;31
A535;FLORESTAL;-19,88527777;-44,41694443;753,5;2013;06;-0.34;neutral;17.8;26.97;11.4;26;3;18.6;0.715;30;30
A535;FLORESTAL;-19,88527777;-44,41694443;753,5;2013;07;-0.35;neutral;17.32;27.34;9.94;3;0;0.8;0.267;31;31
A535;FLORESTAL;-19,88527777;-44,41694443;753,5;2013;08;-0.28;neutral;17.8;28.38;9.58;0.4;0;0.2;0.5;31;31
A535;FLORESTAL;-19,88527777;-44,41694443;753,5;2013;09;-0.21;neutral;19.98;29.11;12.71;46.8;4;22.8;0.487;30;30
A535;FLORESTAL;-19,88527777;-44,41694443;753,5;2013;10;-0.13;neutral;20.65;28.42;14.95;131.8;9;50.8;0.385;31;31
A535;FLORESTAL;-19,88527777;-44,41694443;753,5;2013;11;-0.1;neutral;21.88;29.07;16.64;165.6;12;33.6;0.203;30;30
A535;FLORESTAL;-19,88527777;-44,41694443;753,5;2013;12;-0.15;neutral;22.82;29.04;18.87;377.4;18;75.6;0.2;31;31
A535;FLORESTAL;-19,88527777;-44,41694443;753,5;2014;01;-0.28;neutral;23.08;31.67;16.44;121;8;72;0.595;31;31
A535;FLORESTAL;-19,88527777;-44,41694443;753,5;2014;02;-0.32;neutral;22.94;31.92;16.05;5.8;2;2.4;0.414;28;28
A535;FLORESTAL;-19,88527777;-44,41694443;753,5;2014;03;-0.14;neutral;22.12;29.7;17.05;183;12;61.2;0.334;31;31
A535;FLORESTAL;-19,88527777;-44,41694443;753,5;2014;04;0.15;neutral;21.11;28.88;15.98;88.4;8;22.2;0.251;30;30
A535;FLORESTAL;-19,88527777;-44,41694443;753,5;2014;05;0.31;neutral;17.93;27.63;10.95;12.4;2;6;0.484;31;31
A535;FLORESTAL;-19,88527777;-44,41694443;753,5;2014;06;0.23;neutral;17.1;27.27;9.88;6.2;1;4.6;0.742;30;30
A535;FLORESTAL;-19,88527777;-44,41694443;753,5;2014;07;0.1;neutral;16.2;25.54;9.08;66;3;27.6;0.418;31;31
A535;FLORESTAL;-19,88527777;-44,41694443;753,5;2014;08;0.11;neutral;17.31;28.66;8.62;1.6;0;0.8;0.5;31;31
A535;FLORESTAL;-19,88527777;-44,41694443;753,5;2014;09;0.28;neutral;20.67;30.81;11.82;4.2;1;4.2;1;30;30
A535;FLORESTAL;-19,88527777;-44,41694443;753,5;2014;10;0.54;EN_weakmod;21.88;30.98;14.16;189.2;5;137.8;0.728;31;31
A535;FLORESTAL;-19,88527777;-44,41694443;753,5;2014;11;0.71;EN_weakmod;22.23;29.45;16.91;323.2;17;54.6;0.169;30;30
A535;FLORESTAL;-19,88527777;-44,41694443;753,5;2014;12;0.77;EN_weakmod;22.81;30.16;17.38;153;10;60.2;0.393;31;31
A535;FLORESTAL;-19,88527777;-44,41694443;753,5;2015;01;0.69;EN_weakmod;23.91;33.08;16.87;229.8;9;80;0.348;31;31
A535;FLORESTAL;-19,88527777;-44,41694443;753,5;2015;02;0.61;EN_weakmod;22.77;29.92;17.97;156.8;10;37.2;0.237;28;28
A535;FLORESTAL;-19,88527777;-44,41694443;753,5;2015;03;0.65;EN_weakmod;22.55;29.45;17.86;218.4;13;51.8;0.237;31;31
A535;FLORESTAL;-19,88527777;-44,41694443;753,5;2015;04;0.81;EN_weakmod;21.04;28.58;15.79;32.4;7;12.8;0.395;30;30
A535;FLORESTAL;-19,88527777;-44,41694443;753,5;2015;05;1.02;EN_weakmod;18.34;26;12.88;40.6;4;16.8;0.414;31;31
A535;FLORESTAL;-19,88527777;-44,41694443;753,5;2015;06;1.25;EN_weakmod;17.04;25.97;10.57;11.8;2;8.6;0.729;30;30
A535;FLORESTAL;-19,88527777;-44,41694443;753,5;2015;07;1.57;EN_strong;17.41;27.1;10.34;1.8;0;0.6;0.333;31;31
A535;FLORESTAL;-19,88527777;-44,41694443;753,5;2015;08;1.91;EN_strong;18.29;28.59;9.87;1.8;1;1.4;0.778;31;31
A535;FLORESTAL;-19,88527777;-44,41694443;753,5;2015;09;2.21;EN_strong;21.72;31.32;14.29;87;3;48.4;0.556;30;30
A535;FLORESTAL;-19,88527777;-44,41694443;753,5;2015;10;2.47;EN_strong;23.89;33.55;16.01;48;4;17.6;0.367;31;31
A535;FLORESTAL;-19,88527777;-44,41694443;753,5;2015;11;2.64;EN_strong;24.07;31.59;18.65;311.8;10;88.2;0.283;30;30
A535;FLORESTAL;-19,88527777;-44,41694443;753,5;2015;12;2.75;EN_strong;23.86;31.14;18.83;134;15;36.4;0.272;31;31
A535;FLORESTAL;-19,88527777;-44,41694443;753,5;2016;01;2.63;EN_strong;23;29.09;19.19;536.8;20;90;0.168;31;31
A535;FLORESTAL;-19,88527777;-44,41694443;753,5;2016;02;2.28;EN_strong;24.24;32.21;18.41;65.2;8;16.4;0.252;29;29
A535;FLORESTAL;-19,88527777;-44,41694443;753,5;2016;03;1.71;EN_strong;22.87;30.16;18.06;135;11;47.4;0.351;31;31
A535;FLORESTAL;-19,88527777;-44,41694443;753,5;2016;04;1.05;EN_weakmod;21.66;30.67;15.06;24.6;2;15;0.61;30;30
A535;FLORESTAL;-19,88527777;-44,41694443;753,5;2016;05;0.49;neutral;19.04;28.16;12.71;22;2;18.2;0.827;31;31
A535;FLORESTAL;-19,88527777;-44,41694443;753,5;2016;06;0;neutral;16.73;25.63;10.67;50.8;3;36.6;0.72;30;30
A535;FLORESTAL;-19,88527777;-44,41694443;753,5;2016;07;-0.31;neutral;16.83;27.87;8.45;1.4;0;0.2;0.143;31;31
A535;FLORESTAL;-19,88527777;-44,41694443;753,5;2016;08;-0.5;LN;18.49;29.26;10.13;2;1;1.8;0.9;31;31
A535;FLORESTAL;-19,88527777;-44,41694443;753,5;2016;09;-0.58;LN;21.43;30.98;13.91;75.4;7;32.4;0.43;30;30
A535;FLORESTAL;-19,88527777;-44,41694443;753,5;2016;10;-0.64;LN;22.69;30.63;16.79;147;10;34.8;0.237;31;31
A535;FLORESTAL;-19,88527777;-44,41694443;753,5;2016;11;-0.6;LN;22.06;28.77;17.68;248.2;18;57.2;0.23;30;30
A535;FLORESTAL;-19,88527777;-44,41694443;753,5;2016;12;-0.45;neutral;22.69;29.71;17.57;325.4;12;121.8;0.374;31;31
A535;FLORESTAL;-19,88527777;-44,41694443;753,5;2017;01;-0.19;neutral;23.58;31.29;17.82;168.8;7;37;0.219;31;31
A535;FLORESTAL;-19,88527777;-44,41694443;753,5;2017;02;-0.02;neutral;22.51;29.81;17.44;139;12;43.6;0.314;28;28
A535;FLORESTAL;-19,88527777;-44,41694443;753,5;2017;03;0.18;neutral;22.34;30.54;16.37;147.4;6;78.6;0.533;31;31
A535;FLORESTAL;-19,88527777;-44,41694443;753,5;2017;04;0.31;neutral;21.2;29.11;15.58;33.2;4;28;0.843;30;30
A535;FLORESTAL;-19,88527777;-44,41694443;753,5;2017;05;0.4;neutral;18.77;26.95;12.82;36.6;4;20.4;0.557;31;31
A535;FLORESTAL;-19,88527777;-44,41694443;753,5;2017;06;0.39;neutral;17.13;26.81;10.25;25.4;3;14.2;0.559;30;30
A535;FLORESTAL;-19,88527777;-44,41694443;753,5;2017;07;0.19;neutral;15.03;24.39;7.45;0;0;0;;31;31
A535;FLORESTAL;-19,88527777;-44,41694443;753,5;2017;08;-0.07;neutral;18.16;29.13;9.46;0;0;0;;31;31
A535;FLORESTAL;-19,88527777;-44,41694443;753,5;2017;09;-0.34;neutral;18.95;29.25;10.07;27.4;3;19.2;0.701;30;30
A535;FLORESTAL;-19,88527777;-44,41694443;753,5;2017;10;-0.6;LN;22.8;31.65;15.31;105.4;5;50.6;0.48;31;31
A535;FLORESTAL;-19,88527777;-44,41694443;753,5;2017;11;-0.77;LN;21.91;28.02;17.5;151.8;16;66.8;0.44;30;30
A535;FLORESTAL;-19,88527777;-44,41694443;753,5;2017;12;-0.86;LN;23.1;29.59;18.59;174.6;11;60.2;0.345;31;31
A535;FLORESTAL;-19,88527777;-44,41694443;753,5;2018;01;-0.77;LN;23.27;30.74;17.97;217.4;11;65.4;0.301;31;31
A535;FLORESTAL;-19,88527777;-44,41694443;753,5;2018;02;-0.71;LN;22.4;28.85;18.2;327.4;15;137.6;0.42;28;28
A535;FLORESTAL;-19,88527777;-44,41694443;753,5;2018;03;-0.57;LN;23.06;30.32;18.47;198.4;11;55;0.277;31;31
A535;FLORESTAL;-19,88527777;-44,41694443;753,5;2018;04;-0.39;neutral;20.67;28.53;15;9.4;2;6.8;0.723;30;30
A535;FLORESTAL;-19,88527777;-44,41694443;753,5;2018;05;-0.13;neutral;17.61;27.08;10.77;24.8;3;14.8;0.597;31;31
A535;FLORESTAL;-19,88527777;-44,41694443;753,5;2018;06;0.06;neutral;17.78;26.91;11.6;0;0;0;;27;25
A535;FLORESTAL;-19,88527777;-44,41694443;753,5;2018;07;0.14;neutral;16.48;27.32;9.81;0;0;0;;24;24
A535;FLORESTAL;-19,88527777;-44,41694443;753,5;2018;08;0.27;neutral;17.66;27.48;10.6;11.2;1;10;0.893;23;23
A535;FLORESTAL;-19,88527777;-44,41694443;753,5;2018;09;0.53;EN_weakmod;20.85;29.55;14.09;81;8;26.6;0.328;30;30
A535;FLORESTAL;-19,88527777;-44,41694443;753,5;2018;10;0.81;EN_weakmod;22.88;30.25;17.92;69.6;6;27.2;0.391;31;31
A535;FLORESTAL;-19,88527777;-44,41694443;753,5;2018;11;0.97;EN_weakmod;21.65;27.71;17.34;339.6;15;67.2;0.198;30;30
A535;FLORESTAL;-19,88527777;-44,41694443;753,5;2018;12;0.92;EN_weakmod;22.93;30.27;17.81;426.6;16;137.4;0.322;31;31
A535;FLORESTAL;-19,88527777;-44,41694443;753,5;2019;01;0.89;EN_weakmod;23.97;32.44;17.73;60.4;5;34.6;0.573;31;31
A535;FLORESTAL;-19,88527777;-44,41694443;753,5;2019;02;0.86;EN_weakmod;23.48;30.72;18.7;322.6;15;73.6;0.228;28;28
A535;FLORESTAL;-19,88527777;-44,41694443;753,5;2019;03;0.84;EN_weakmod;22.93;30.38;18.07;235.2;13;75.2;0.32;31;31
A535;FLORESTAL;-19,88527777;-44,41694443;753,5;2019;04;0.77;EN_weakmod;22.05;30.01;16.77;127.4;7;40.4;0.317;30;30
A535;FLORESTAL;-19,88527777;-44,41694443;753,5;2019;05;0.64;EN_weakmod;20;28.42;14.37;60.8;7;42.4;0.697;31;31
A535;FLORESTAL;-19,88527777;-44,41694443;753,5;2019;06;0.52;EN_weakmod;16.96;26.54;10.04;19;1;17.4;0.916;30;30
A535;FLORESTAL;-19,88527777;-44,41694443;753,5;2019;07;0.33;neutral;15.35;26.19;7.39;1.2;0;0.2;0.167;31;31
A535;FLORESTAL;-19,88527777;-44,41694443;753,5;2019;08;0.19;neutral;18.43;28.22;10.86;0.6;0;0.4;0.667;31;31
A535;FLORESTAL;-19,88527777;-44,41694443;753,5;2019;09;0.23;neutral;21.59;31.66;13.66;32.8;2;21;0.64;30;30
A535;FLORESTAL;-19,88527777;-44,41694443;753,5;2019;10;0.39;neutral;23.1;32.36;15.95;56.2;7;18.4;0.327;31;31
A535;FLORESTAL;-19,88527777;-44,41694443;753,5;2019;11;0.58;EN_weakmod;23.09;30.37;18.47;219.2;18;41.6;0.19;30;30
A535;FLORESTAL;-19,88527777;-44,41694443;753,5;2019;12;0.66;EN_weakmod;22.82;29.68;18.19;347.8;16;74.4;0.214;31;31
A535;FLORESTAL;-19,88527777;-44,41694443;753,5;2020;01;0.64;EN_weakmod;23.82;30.14;19.69;621.2;16;132.8;0.214;31;31
A535;FLORESTAL;-19,88527777;-44,41694443;753,5;2020;02;0.63;EN_weakmod;23.07;29.06;19.48;352.2;21;46.6;0.132;29;29
A535;FLORESTAL;-19,88527777;-44,41694443;753,5;2020;03;0.53;EN_weakmod;22.06;29.03;17.38;209.6;12;54.4;0.26;31;31
A535;FLORESTAL;-19,88527777;-44,41694443;753,5;2020;04;0.3;neutral;21.04;28.06;16.19;89.8;7;47;0.523;30;30
A535;FLORESTAL;-19,88527777;-44,41694443;753,5;2020;05;0.01;neutral;17.01;25.45;10.9;41.8;6;19.8;0.474;31;31
A535;FLORESTAL;-19,88527777;-44,41694443;753,5;2020;06;-0.23;neutral;17;26.5;10.15;5.8;2;3.8;0.655;30;30
A535;FLORESTAL;-19,88527777;-44,41694443;753,5;2020;07;-0.36;neutral;17.23;27.22;9.88;0.6;0;0.6;1;31;31
A535;FLORESTAL;-19,88527777;-44,41694443;753,5;2020;08;-0.53;LN;17.01;26.78;9.46;12.2;1;12;0.984;31;31
A535;FLORESTAL;-19,88527777;-44,41694443;753,5;2020;09;-0.85;LN;20.73;31.6;12.12;16.2;1;15.4;0.951;30;30
A535;FLORESTAL;-19,88527777;-44,41694443;753,5;2020;10;-1.12;LN;23.04;30.5;17.44;134.4;11;35.4;0.263;31;31
A535;FLORESTAL;-19,88527777;-44,41694443;753,5;2020;11;-1.2;LN;22.28;29.52;17.18;100;9;21.6;0.216;30;30
A535;FLORESTAL;-19,88527777;-44,41694443;753,5;2020;12;-1.08;LN;23.06;29.87;18.35;266;16;51;0.192;31;31
A535;FLORESTAL;-19,88527777;-44,41694443;753,5;2021;01;-0.91;LN;24.02;30.97;18.12;178;11;60;0.337;31;21
A535;FLORESTAL;-19,88527777;-44,41694443;753,5;2021;02;-0.79;LN;22.45;28.71;18.56;374.4;18;88.6;0.237;28;28
A535;FLORESTAL;-19,88527777;-44,41694443;753,5;2021;03;-0.71;LN;22.51;30.35;16.87;75;5;39;0.52;31;31
A535;FLORESTAL;-19,88527777;-44,41694443;753,5;2021;04;-0.55;LN;19.93;29.02;13.35;8;1;5.4;0.675;30;30
A535;FLORESTAL;-19,88527777;-44,41694443;753,5;2021;05;-0.39;neutral;NaN;NaN;NaN;NaN;NaN;NaN;;4;4
A535;FLORESTAL;-19,88527777;-44,41694443;753,5;2021;06;-0.3;neutral;NaN;NaN;NaN;NaN;NaN;NaN;;0;0
A535;FLORESTAL;-19,88527777;-44,41694443;753,5;2021;07;-0.35;neutral;14.92;25.93;6.39;0.4;0;0.2;0.5;29;29
A535;FLORESTAL;-19,88527777;-44,41694443;753,5;2021;08;-0.45;neutral;17.75;27.47;10.05;6;1;5.8;0.967;31;31
A535;FLORESTAL;-19,88527777;-44,41694443;753,5;2021;09;-0.63;LN;22.48;32.53;14.47;9;3;4.6;0.511;29;28
A535;FLORESTAL;-19,88527777;-44,41694443;753,5;2021;10;-0.76;LN;22.32;28.95;17.71;231.8;18;53.8;0.232;31;31
A535;FLORESTAL;-19,88527777;-44,41694443;753,5;2021;11;-0.91;LN;21.74;28.73;16.79;270.6;12;83;0.307;30;30
A535;FLORESTAL;-19,88527777;-44,41694443;753,5;2021;12;-0.87;LN;21.93;28.18;17.68;406;15;90.2;0.222;31;31
A535;FLORESTAL;-19,88527777;-44,41694443;753,5;2022;01;-0.82;LN;22.66;29.14;18.65;NaN;NaN;NaN;;31;31
A535;FLORESTAL;-19,88527777;-44,41694443;753,5;2022;02;-0.79;LN;22.27;28.35;18.58;NaN;NaN;NaN;;28;28
A535;FLORESTAL;-19,88527777;-44,41694443;753,5;2022;03;-0.86;LN;22.85;31.26;16.63;NaN;NaN;NaN;;31;0
A535;FLORESTAL;-19,88527777;-44,41694443;753,5;2022;04;-0.95;LN;21.54;29.94;15.84;NaN;NaN;NaN;;30;5
A535;FLORESTAL;-19,88527777;-44,41694443;753,5;2022;05;-0.9;LN;16.94;25.8;10.68;NaN;NaN;NaN;;31;31
A535;FLORESTAL;-19,88527777;-44,41694443;753,5;2022;06;-0.78;LN;16.17;26.43;9.11;NaN;NaN;NaN;;30;30
A535;FLORESTAL;-19,88527777;-44,41694443;753,5;2022;07;-0.76;LN;15.88;26.46;8.01;NaN;NaN;NaN;;31;31
A535;FLORESTAL;-19,88527777;-44,41694443;753,5;2022;08;-0.87;LN;17.69;27.67;9.7;NaN;NaN;NaN;;31;31
A535;FLORESTAL;-19,88527777;-44,41694443;753,5;2022;09;-0.97;LN;20.37;29.09;13.34;NaN;NaN;NaN;;30;30
A535;FLORESTAL;-19,88527777;-44,41694443;753,5;2022;10;-0.94;LN;22.22;30.36;16.42;NaN;NaN;NaN;;31;31
A535;FLORESTAL;-19,88527777;-44,41694443;753,5;2022;11;-0.85;LN;21.01;28.28;15.85;NaN;NaN;NaN;;30;12
A535;FLORESTAL;-19,88527777;-44,41694443;753,5;2022;12;-0.71;LN;21.91;27.55;18.39;NaN;NaN;NaN;;31;10
A535;FLORESTAL;-19,88527777;-44,41694443;753,5;2023;01;-0.54;LN;22.22;28.25;18.85;509.4;24;62.8;0.123;31;30
A535;FLORESTAL;-19,88527777;-44,41694443;753,5;2023;02;-0.29;neutral;23.16;30.93;18.43;61;8;25.6;0.42;24;23
A535;FLORESTAL;-19,88527777;-44,41694443;753,5;2023;03;-0.02;neutral;22.99;30.93;17.37;139.6;7;98;0.702;31;31
A535;FLORESTAL;-19,88527777;-44,41694443;753,5;2023;04;0.27;neutral;21.42;28.73;16.6;144.6;9;38;0.263;30;30
A535;FLORESTAL;-19,88527777;-44,41694443;753,5;2023;05;0.57;EN_weakmod;17.64;26.92;10.88;76.6;2;73.2;0.956;31;31
A535;FLORESTAL;-19,88527777;-44,41694443;753,5;2023;06;0.84;EN_weakmod;16.07;25.97;9.13;9;1;7;0.778;30;30
A535;FLORESTAL;-19,88527777;-44,41694443;753,5;2023;07;1.12;EN_weakmod;17.07;27.1;9.7;2.2;1;1;0.455;31;31
A535;FLORESTAL;-19,88527777;-44,41694443;753,5;2023;08;1.37;EN_weakmod;18.69;28.79;11.3;26.8;6;7.4;0.276;31;31
A535;FLORESTAL;-19,88527777;-44,41694443;753,5;2023;09;1.6;EN_strong;22.37;31.87;15.06;26;5;16.2;0.623;30;30
A535;FLORESTAL;-19,88527777;-44,41694443;753,5;2023;10;1.83;EN_strong;24.45;32.16;19.03;91.2;9;19.8;0.217;31;31
A535;FLORESTAL;-19,88527777;-44,41694443;753,5;2023;11;1.99;EN_strong;24.59;33.17;18.02;213.6;8;69.6;0.326;30;30
A535;FLORESTAL;-19,88527777;-44,41694443;753,5;2023;12;2.06;EN_strong;24.68;32.21;19.27;24.4;3;9.8;0.402;31;31
A535;FLORESTAL;-19,88527777;-44,41694443;753,5;2024;01;1.92;EN_strong;NaN;NaN;NaN;NaN;NaN;NaN;;31;31
A535;FLORESTAL;-19,88527777;-44,41694443;753,5;2024;02;1.62;EN_strong;NaN;NaN;NaN;NaN;NaN;NaN;;29;29
A535;FLORESTAL;-19,88527777;-44,41694443;753,5;2024;03;1.26;EN_weakmod;NaN;NaN;NaN;NaN;NaN;NaN;;31;31
A535;FLORESTAL;-19,88527777;-44,41694443;753,5;2024;04;0.82;EN_weakmod;NaN;NaN;NaN;NaN;NaN;NaN;;30;30
A535;FLORESTAL;-19,88527777;-44,41694443;753,5;2024;05;0.49;neutral;NaN;NaN;NaN;NaN;NaN;NaN;;31;31
A535;FLORESTAL;-19,88527777;-44,41694443;753,5;2024;06;0.22;neutral;NaN;NaN;NaN;NaN;NaN;NaN;;30;30
A535;FLORESTAL;-19,88527777;-44,41694443;753,5;2024;07;0.08;neutral;NaN;NaN;NaN;NaN;NaN;NaN;;31;31
A535;FLORESTAL;-19,88527777;-44,41694443;753,5;2024;08;-0.07;neutral;NaN;NaN;NaN;NaN;NaN;NaN;;31;31
A535;FLORESTAL;-19,88527777;-44,41694443;753,5;2024;09;-0.17;neutral;NaN;NaN;NaN;NaN;NaN;NaN;;30;30
A535;FLORESTAL;-19,88527777;-44,41694443;753,5;2024;10;-0.21;neutral;NaN;NaN;NaN;NaN;NaN;NaN;;3;3
A535;FLORESTAL;-19,88527777;-44,41694443;753,5;2024;11;-0.3;neutral;NaN;NaN;NaN;NaN;NaN;NaN;;0;0
A535;FLORESTAL;-19,88527777;-44,41694443;753,5;2024;12;-0.42;neutral;NaN;NaN;NaN;NaN;NaN;NaN;;15;15
A535;FLORESTAL;-19,88527777;-44,41694443;753,5;2025;01;-0.45;neutral;23.4;30.24;19.23;180.4;11;32.6;0.181;31;31
A535;FLORESTAL;-19,88527777;-44,41694443;753,5;2025;02;-0.24;neutral;23.25;31.38;17.11;60.4;3;47.6;0.788;28;28
A535;FLORESTAL;-19,88527777;-44,41694443;753,5;2025;03;-0.06;neutral;23.29;31.16;18;135.6;11;50.4;0.372;31;31
A535;FLORESTAL;-19,88527777;-44,41694443;753,5;2025;04;0.02;neutral;21.99;28.31;17.7;83;6;47;0.566;30;30
A535;FLORESTAL;-19,88527777;-44,41694443;753,5;2025;05;-0.02;neutral;18.2;26.85;11.84;0.4;0;0.2;0.5;31;31
A535;FLORESTAL;-19,88527777;-44,41694443;753,5;2025;06;-0.04;neutral;17.01;26.83;10.26;7.6;1;7.6;1;30;30
A535;FLORESTAL;-19,88527777;-44,41694443;753,5;2025;07;-0.14;neutral;15.95;26.35;8.08;4.6;1;4.4;0.957;31;31
A535;FLORESTAL;-19,88527777;-44,41694443;753,5;2025;08;-0.28;neutral;17.25;27.94;8.85;1.4;1;1.2;0.857;31;31
A535;FLORESTAL;-19,88527777;-44,41694443;753,5;2025;09;-0.4;neutral;20.64;30.31;12.75;8.6;2;6.6;0.767;30;30
A535;FLORESTAL;-19,88527777;-44,41694443;753,5;2025;10;-0.51;LN;21.84;29.86;15.44;9.6;1;9.6;1;31;30
A535;FLORESTAL;-19,88527777;-44,41694443;753,5;2025;11;-0.55;LN;22.52;29.98;16.94;164.4;11;57.8;0.352;30;30
A535;FLORESTAL;-19,88527777;-44,41694443;753,5;2025;12;-0.54;LN;23.52;30.77;18.74;191.8;18;44.2;0.23;31;31
A564;DIVINOPOLIS;-20,17333332;-44,87499999;796;2017;10;-0.6;LN;NaN;NaN;NaN;NaN;NaN;NaN;;1;1
A564;DIVINOPOLIS;-20,17333332;-44,87499999;796;2017;11;-0.77;LN;NaN;NaN;NaN;NaN;NaN;NaN;;30;30
A564;DIVINOPOLIS;-20,17333332;-44,87499999;796;2017;12;-0.86;LN;NaN;NaN;NaN;NaN;NaN;NaN;;31;31
A564;DIVINOPOLIS;-20,17333332;-44,87499999;796;2018;01;-0.77;LN;23.88;30.28;18.79;348;13;50.4;0.145;31;31
A564;DIVINOPOLIS;-20,17333332;-44,87499999;796;2018;02;-0.71;LN;23.26;28.88;19.03;148.4;8;51.2;0.345;28;28
A564;DIVINOPOLIS;-20,17333332;-44,87499999;796;2018;03;-0.57;LN;23.98;30.21;19.13;61.4;5;30.2;0.492;31;30
A564;DIVINOPOLIS;-20,17333332;-44,87499999;796;2018;04;-0.39;neutral;21.7;28.05;15.96;3;2;1.2;0.4;30;30
A564;DIVINOPOLIS;-20,17333332;-44,87499999;796;2018;05;-0.13;neutral;18.97;26.76;12.15;23.4;2;18.6;0.795;31;31
A564;DIVINOPOLIS;-20,17333332;-44,87499999;796;2018;06;0.06;neutral;19.22;26.53;12.63;9.6;2;5.6;0.583;30;30
A564;DIVINOPOLIS;-20,17333332;-44,87499999;796;2018;07;0.14;neutral;18.45;27.21;10.2;0;0;0;;31;31
A564;DIVINOPOLIS;-20,17333332;-44,87499999;796;2018;08;0.27;neutral;19.36;26.75;12.55;46.6;6;20.4;0.438;31;31
A564;DIVINOPOLIS;-20,17333332;-44,87499999;796;2018;09;0.53;EN_weakmod;22.15;29.65;15.27;48.2;10;16;0.332;30;30
A564;DIVINOPOLIS;-20,17333332;-44,87499999;796;2018;10;0.81;EN_weakmod;23.59;29.8;18.64;132.8;10;35.2;0.265;31;31
A564;DIVINOPOLIS;-20,17333332;-44,87499999;796;2018;11;0.97;EN_weakmod;22.36;27.37;18.21;350.2;18;54.8;0.156;30;30
A564;DIVINOPOLIS;-20,17333332;-44,87499999;796;2018;12;0.92;EN_weakmod;23.65;30.17;18.73;215;12;44;0.205;31;31
A564;DIVINOPOLIS;-20,17333332;-44,87499999;796;2019;01;0.89;EN_weakmod;25.2;32.17;18.97;102;6;42.2;0.414;31;31
A564;DIVINOPOLIS;-20,17333332;-44,87499999;796;2019;02;0.86;EN_weakmod;24.02;30.39;19.15;378.8;16;67.4;0.178;28;28
A564;DIVINOPOLIS;-20,17333332;-44,87499999;796;2019;03;0.84;EN_weakmod;23.39;29.81;18.73;167.2;12;50.4;0.301;31;31
A564;DIVINOPOLIS;-20,17333332;-44,87499999;796;2019;04;0.77;EN_weakmod;22.87;29.45;17.7;92;9;30.4;0.33;30;30
A564;DIVINOPOLIS;-20,17333332;-44,87499999;796;2019;05;0.64;EN_weakmod;20.99;27.85;15.19;19.8;5;7.4;0.374;31;31
A564;DIVINOPOLIS;-20,17333332;-44,87499999;796;2019;06;0.52;EN_weakmod;18.64;26.32;11.44;15.8;1;15.4;0.975;30;30
A564;DIVINOPOLIS;-20,17333332;-44,87499999;796;2019;07;0.33;neutral;17.45;25.99;9.19;0.8;0;0.8;1;31;31
A564;DIVINOPOLIS;-20,17333332;-44,87499999;796;2019;08;0.19;neutral;20.06;28.35;12.46;0;0;0;;31;31
A564;DIVINOPOLIS;-20,17333332;-44,87499999;796;2019;09;0.23;neutral;23.92;32.06;16;57.2;3;39.2;0.685;30;30
A564;DIVINOPOLIS;-20,17333332;-44,87499999;796;2019;10;0.39;neutral;24.32;31.66;17.74;95.8;9;23.6;0.246;31;31
A564;DIVINOPOLIS;-20,17333332;-44,87499999;796;2019;11;0.58;EN_weakmod;23.44;29.54;19.09;157.4;16;21.4;0.136;30;30
A564;DIVINOPOLIS;-20,17333332;-44,87499999;796;2019;12;0.66;EN_weakmod;23.71;29.79;19.05;309;12;68.6;0.222;31;31
A564;DIVINOPOLIS;-20,17333332;-44,87499999;796;2020;01;0.64;EN_weakmod;24.11;30.33;20.3;312.6;15;88.6;0.283;31;31
A564;DIVINOPOLIS;-20,17333332;-44,87499999;796;2020;02;0.63;EN_weakmod;23.4;29.15;19.72;311.8;19;58.6;0.188;29;29
A564;DIVINOPOLIS;-20,17333332;-44,87499999;796;2020;03;0.53;EN_weakmod;22.63;28.8;18.04;115.6;10;34.2;0.296;31;31
A564;DIVINOPOLIS;-20,17333332;-44,87499999;796;2020;04;0.3;neutral;21.72;28.06;16.65;60.4;6;29.8;0.493;30;30
A564;DIVINOPOLIS;-20,17333332;-44,87499999;796;2020;05;0.01;neutral;18.16;25.23;11.85;32;6;13.8;0.431;31;31
A564;DIVINOPOLIS;-20,17333332;-44,87499999;796;2020;06;-0.23;neutral;18.73;26.35;11.79;0.2;0;0.2;1;30;30
A564;DIVINOPOLIS;-20,17333332;-44,87499999;796;2020;07;-0.36;neutral;19.32;27.31;11.51;0.2;0;0.2;1;31;31
A564;DIVINOPOLIS;-20,17333332;-44,87499999;796;2020;08;-0.53;LN;19.34;27.28;11.28;11.2;1;10.4;0.929;31;31
A564;DIVINOPOLIS;-20,17333332;-44,87499999;796;2020;09;-0.85;LN;23.51;31.6;14.61;12.8;1;12.4;0.969;30;30
A564;DIVINOPOLIS;-20,17333332;-44,87499999;796;2020;10;-1.12;LN;24.08;30.61;18.6;94.2;11;16.6;0.176;31;31
A564;DIVINOPOLIS;-20,17333332;-44,87499999;796;2020;11;-1.2;LN;23.34;29.69;17.88;127.6;11;32.8;0.257;30;30
A564;DIVINOPOLIS;-20,17333332;-44,87499999;796;2020;12;-1.08;LN;23.72;29.56;19.39;191.4;16;53;0.277;31;31
A564;DIVINOPOLIS;-20,17333332;-44,87499999;796;2021;01;-0.91;LN;24.11;30.61;18.59;198.8;12;55.6;0.28;31;31
A564;DIVINOPOLIS;-20,17333332;-44,87499999;796;2021;02;-0.79;LN;22.96;29;19;212.2;19;32;0.151;28;28
A564;DIVINOPOLIS;-20,17333332;-44,87499999;796;2021;03;-0.71;LN;23.66;30.21;18.04;80.4;6;29.6;0.368;31;31
A564;DIVINOPOLIS;-20,17333332;-44,87499999;796;2021;04;-0.55;LN;21.36;29.08;14.55;NaN;NaN;NaN;;30;0
A564;DIVINOPOLIS;-20,17333332;-44,87499999;796;2021;05;-0.39;neutral;20.12;28.05;13.35;20;2;16.8;0.84;31;31
A564;DIVINOPOLIS;-20,17333332;-44,87499999;796;2021;06;-0.3;neutral;18.55;26.41;11.6;1;0;0.2;0.2;30;30
A564;DIVINOPOLIS;-20,17333332;-44,87499999;796;2021;07;-0.35;neutral;17.01;25.85;8.22;0;0;0;;31;31
A564;DIVINOPOLIS;-20,17333332;-44,87499999;796;2021;08;-0.45;neutral;20.09;28.06;11.82;2.4;1;2.2;0.917;31;31
A564;DIVINOPOLIS;-20,17333332;-44,87499999;796;2021;09;-0.63;LN;24.68;32.89;16.9;5;2;4;0.8;30;30
A564;DIVINOPOLIS;-20,17333332;-44,87499999;796;2021;10;-0.76;LN;22.85;28.76;18.34;217;16;40.6;0.187;31;31
A564;DIVINOPOLIS;-20,17333332;-44,87499999;796;2021;11;-0.91;LN;22.95;28.98;17.94;139.4;10;69;0.495;30;30
A564;DIVINOPOLIS;-20,17333332;-44,87499999;796;2021;12;-0.87;LN;22.86;28.56;18.54;300;12;66.8;0.223;31;31
A564;DIVINOPOLIS;-20,17333332;-44,87499999;796;2022;01;-0.82;LN;23.18;28.76;19.27;601;21;94.6;0.157;31;31
A564;DIVINOPOLIS;-20,17333332;-44,87499999;796;2022;02;-0.79;LN;22.92;28.9;19.28;301;20;35.6;0.118;28;28
A564;DIVINOPOLIS;-20,17333332;-44,87499999;796;2022;03;-0.86;LN;24.47;31.66;18.05;20.4;3;15.4;0.755;31;31
A564;DIVINOPOLIS;-20,17333332;-44,87499999;796;2022;04;-0.95;LN;22.63;29.53;16.91;66.2;6;24.2;0.366;30;30
A564;DIVINOPOLIS;-20,17333332;-44,87499999;796;2022;05;-0.9;LN;18.36;25.95;11.82;27.6;3;22;0.797;31;31
A564;DIVINOPOLIS;-20,17333332;-44,87499999;796;2022;06;-0.78;LN;18.08;26.28;10.74;0;0;0;;30;30
A564;DIVINOPOLIS;-20,17333332;-44,87499999;796;2022;07;-0.76;LN;18.51;26.87;9.99;1.6;1;1.6;1;31;31
A564;DIVINOPOLIS;-20,17333332;-44,87499999;796;2022;08;-0.87;LN;19.83;27.62;11.78;2.4;1;2.4;1;31;31
A564;DIVINOPOLIS;-20,17333332;-44,87499999;796;2022;09;-0.97;LN;21.96;29.42;14.98;36.2;2;30.8;0.851;30;30
A564;DIVINOPOLIS;-20,17333332;-44,87499999;796;2022;10;-0.94;LN;23.8;30.6;17.79;155.2;11;36;0.232;31;31
A564;DIVINOPOLIS;-20,17333332;-44,87499999;796;2022;11;-0.85;LN;21.75;28.06;16.79;172.6;17;32.2;0.187;30;30
A564;DIVINOPOLIS;-20,17333332;-44,87499999;796;2022;12;-0.71;LN;22.3;27.75;18.72;382.4;24;76.8;0.201;31;31
A564;DIVINOPOLIS;-20,17333332;-44,87499999;796;2023;01;-0.54;LN;22.71;28.55;19.16;525;25;74.8;0.142;31;31
A564;DIVINOPOLIS;-20,17333332;-44,87499999;796;2023;02;-0.29;neutral;24.15;30.75;19.26;149;12;35.8;0.24;28;28
A564;DIVINOPOLIS;-20,17333332;-44,87499999;796;2023;03;-0.02;neutral;23.96;30.7;18.63;85;10;28.8;0.339;31;31
A564;DIVINOPOLIS;-20,17333332;-44,87499999;796;2023;04;0.27;neutral;21.98;28.33;16.91;72;7;31.4;0.436;30;30
A564;DIVINOPOLIS;-20,17333332;-44,87499999;796;2023;05;0.57;EN_weakmod;19.14;26.66;12.49;9.8;1;6.8;0.694;31;31
A564;DIVINOPOLIS;-20,17333332;-44,87499999;796;2023;06;0.84;EN_weakmod;17.8;25.92;10.62;5.6;1;3;0.536;30;30
A564;DIVINOPOLIS;-20,17333332;-44,87499999;796;2023;07;1.12;EN_weakmod;18.78;26.81;11.15;2;1;1.8;0.9;31;31
A564;DIVINOPOLIS;-20,17333332;-44,87499999;796;2023;08;1.37;EN_weakmod;21.07;28.85;13.41;2.4;0;0.8;0.333;23;22
A564;DIVINOPOLIS;-20,17333332;-44,87499999;796;2023;09;1.6;EN_strong;24.86;32.53;17.43;20.6;3;16.8;0.816;30;30
A564;DIVINOPOLIS;-20,17333332;-44,87499999;796;2023;10;1.83;EN_strong;25.56;32.38;20.33;182.6;11;45;0.246;31;31
A564;DIVINOPOLIS;-20,17333332;-44,87499999;796;2023;11;1.99;EN_strong;25.48;32.55;19.03;183.4;9;34.2;0.186;30;30
A564;DIVINOPOLIS;-20,17333332;-44,87499999;796;2023;12;2.06;EN_strong;25.51;31.83;20.26;108.6;12;32.4;0.298;31;31
A564;DIVINOPOLIS;-20,17333332;-44,87499999;796;2024;01;1.92;EN_strong;24.1;30.08;20.18;267;16;41.6;0.156;31;31
A564;DIVINOPOLIS;-20,17333332;-44,87499999;796;2024;02;1.62;EN_strong;24.03;30.08;19.87;117;15;23.6;0.202;29;29
A564;DIVINOPOLIS;-20,17333332;-44,87499999;796;2024;03;1.26;EN_weakmod;24.38;30.41;20.27;233;13;101.4;0.435;31;31
A564;DIVINOPOLIS;-20,17333332;-44,87499999;796;2024;04;0.82;EN_weakmod;23.41;30.26;17.6;46.8;5;33.8;0.722;30;30
A564;DIVINOPOLIS;-20,17333332;-44,87499999;796;2024;05;0.49;neutral;21.77;29.74;14.49;12.8;2;8.8;0.688;31;31
A564;DIVINOPOLIS;-20,17333332;-44,87499999;796;2024;06;0.22;neutral;19.23;28.02;11.2;0.8;0;0.2;0.25;30;30
A564;DIVINOPOLIS;-20,17333332;-44,87499999;796;2024;07;0.08;neutral;19.38;28.04;11.07;0;0;0;;31;31
A564;DIVINOPOLIS;-20,17333332;-44,87499999;796;2024;08;-0.07;neutral;20.58;29.86;11.53;0;0;0;;31;31
A564;DIVINOPOLIS;-20,17333332;-44,87499999;796;2024;09;-0.17;neutral;24.93;33.33;15.87;0.4;0;0.2;0.5;30;30
A564;DIVINOPOLIS;-20,17333332;-44,87499999;796;2024;10;-0.21;neutral;24.42;31.35;18.94;146.4;9;46.2;0.316;31;31
A564;DIVINOPOLIS;-20,17333332;-44,87499999;796;2024;11;-0.3;neutral;23.37;28.7;19.13;231.2;12;106.6;0.461;30;29
A564;DIVINOPOLIS;-20,17333332;-44,87499999;796;2024;12;-0.42;neutral;23.64;29.51;19.4;356.2;19;46.6;0.131;31;31
A564;DIVINOPOLIS;-20,17333332;-44,87499999;796;2025;01;-0.45;neutral;NaN;NaN;NaN;NaN;NaN;NaN;;31;31
A564;DIVINOPOLIS;-20,17333332;-44,87499999;796;2025;02;-0.24;neutral;NaN;NaN;NaN;NaN;NaN;NaN;;25;24
A564;DIVINOPOLIS;-20,17333332;-44,87499999;796;2025;03;-0.06;neutral;NaN;NaN;NaN;NaN;NaN;NaN;;31;30
A564;DIVINOPOLIS;-20,17333332;-44,87499999;796;2025;04;0.02;neutral;NaN;NaN;NaN;NaN;NaN;NaN;;26;14
A564;DIVINOPOLIS;-20,17333332;-44,87499999;796;2025;05;-0.02;neutral;NaN;NaN;NaN;NaN;NaN;NaN;;26;14
A564;DIVINOPOLIS;-20,17333332;-44,87499999;796;2025;06;-0.04;neutral;NaN;NaN;NaN;NaN;NaN;NaN;;5;4
A564;DIVINOPOLIS;-20,17333332;-44,87499999;796;2025;07;-0.14;neutral;NaN;NaN;NaN;NaN;NaN;NaN;;0;0
A564;DIVINOPOLIS;-20,17333332;-44,87499999;796;2025;08;-0.28;neutral;NaN;NaN;NaN;NaN;NaN;NaN;;0;0
A564;DIVINOPOLIS;-20,17333332;-44,87499999;796;2025;09;-0.4;neutral;NaN;NaN;NaN;NaN;NaN;NaN;;14;14
A564;DIVINOPOLIS;-20,17333332;-44,87499999;796;2025;10;-0.51;LN;NaN;NaN;NaN;NaN;NaN;NaN;;31;30
A564;DIVINOPOLIS;-20,17333332;-44,87499999;796;2025;11;-0.55;LN;NaN;NaN;NaN;NaN;NaN;NaN;;30;30
A564;DIVINOPOLIS;-20,17333332;-44,87499999;796;2025;12;-0.54;LN;NaN;NaN;NaN;NaN;NaN;NaN;;31;31
A570;OLIVEIRA;-20,715;-44,86444444;1025;2017;10;-0.6;LN;NaN;NaN;NaN;NaN;NaN;NaN;;0;0
A570;OLIVEIRA;-20,715;-44,86444444;1025;2017;11;-0.77;LN;NaN;NaN;NaN;NaN;NaN;NaN;;2;2
A570;OLIVEIRA;-20,715;-44,86444444;1025;2017;12;-0.86;LN;NaN;NaN;NaN;NaN;NaN;NaN;;31;31
A570;OLIVEIRA;-20,715;-44,86444444;1025;2018;01;-0.77;LN;22.21;28.28;18.03;264.8;16;62;0.234;31;31
A570;OLIVEIRA;-20,715;-44,86444444;1025;2018;02;-0.71;LN;21.73;27.59;17.78;108.4;12;20;0.185;28;28
A570;OLIVEIRA;-20,715;-44,86444444;1025;2018;03;-0.57;LN;22.52;28.64;18.18;174.2;10;58.8;0.338;31;31
A570;OLIVEIRA;-20,715;-44,86444444;1025;2018;04;-0.39;neutral;19.99;25.83;15.74;37.6;4;17.8;0.473;30;30
A570;OLIVEIRA;-20,715;-44,86444444;1025;2018;05;-0.13;neutral;18.14;24.56;12.97;39.6;5;25;0.631;31;31
A570;OLIVEIRA;-20,715;-44,86444444;1025;2018;06;0.06;neutral;18.38;24.38;13.61;22.6;2;18.2;0.805;30;30
A570;OLIVEIRA;-20,715;-44,86444444;1025;2018;07;0.14;neutral;18.15;24.74;12.15;0.4;0;0.4;1;31;31
A570;OLIVEIRA;-20,715;-44,86444444;1025;2018;08;0.27;neutral;18.04;24.6;12.98;106.2;5;44.2;0.416;31;31
A570;OLIVEIRA;-20,715;-44,86444444;1025;2018;09;0.53;EN_weakmod;20.17;27.02;14.7;50.6;8;18;0.356;30;30
A570;OLIVEIRA;-20,715;-44,86444444;1025;2018;10;0.81;EN_weakmod;21.34;27.22;17;238.6;14;52;0.218;31;31
A570;OLIVEIRA;-20,715;-44,86444444;1025;2018;11;0.97;EN_weakmod;20.61;25.61;16.97;245.4;16;69.6;0.284;30;30
A570;OLIVEIRA;-20,715;-44,86444444;1025;2018;12;0.92;EN_weakmod;22;28.12;17.57;250;17;44;0.176;31;31
A570;OLIVEIRA;-20,715;-44,86444444;1025;2019;01;0.89;EN_weakmod;23.69;30.26;18.42;112.6;5;35.8;0.318;31;31
A570;OLIVEIRA;-20,715;-44,86444444;1025;2019;02;0.86;EN_weakmod;22.51;28.13;18.3;294.4;14;66;0.224;28;28
A570;OLIVEIRA;-20,715;-44,86444444;1025;2019;03;0.84;EN_weakmod;21.7;27.63;17.71;145.4;14;25.2;0.173;31;31
A570;OLIVEIRA;-20,715;-44,86444444;1025;2019;04;0.77;EN_weakmod;21.39;27;17.15;108.4;11;25.4;0.234;30;30
A570;OLIVEIRA;-20,715;-44,86444444;1025;2019;05;0.64;EN_weakmod;20.08;25.73;15.18;25.8;3;17.8;0.69;31;31
A570;OLIVEIRA;-20,715;-44,86444444;1025;2019;06;0.52;EN_weakmod;17.94;24.1;12.77;10.2;1;10;0.98;30;30
A570;OLIVEIRA;-20,715;-44,86444444;1025;2019;07;0.33;neutral;16.98;23.86;10.74;0.8;0;0.8;1;31;31
A570;OLIVEIRA;-20,715;-44,86444444;1025;2019;08;0.19;neutral;18.54;25.68;12.68;1.6;0;0.8;0.5;31;31
A570;OLIVEIRA;-20,715;-44,86444444;1025;2019;09;0.23;neutral;22.33;29.67;16.05;50.4;3;36.2;0.718;30;30
A570;OLIVEIRA;-20,715;-44,86444444;1025;2019;10;0.39;neutral;22.27;29.27;16.96;100;8;68.2;0.682;31;31
A570;OLIVEIRA;-20,715;-44,86444444;1025;2019;11;0.58;EN_weakmod;21.4;27.29;17.63;266.2;18;46;0.173;30;30
A570;OLIVEIRA;-20,715;-44,86444444;1025;2019;12;0.66;EN_weakmod;21.99;27.8;18;210.2;12;100;0.476;31;31
A570;OLIVEIRA;-20,715;-44,86444444;1025;2020;01;0.64;EN_weakmod;22.25;27.89;18.69;325.4;14;83.4;0.256;31;31
A570;OLIVEIRA;-20,715;-44,86444444;1025;2020;02;0.63;EN_weakmod;21.66;26.92;18.29;411;20;99.4;0.242;29;29
A570;OLIVEIRA;-20,715;-44,86444444;1025;2020;03;0.53;EN_weakmod;20.89;26.65;16.76;86.8;10;16.4;0.189;31;31
A570;OLIVEIRA;-20,715;-44,86444444;1025;2020;04;0.3;neutral;20.07;26.06;15.85;26.2;7;6.8;0.26;30;30
A570;OLIVEIRA;-20,715;-44,86444444;1025;2020;05;0.01;neutral;17.24;23.23;12.33;32.2;4;25.4;0.789;31;31
A570;OLIVEIRA;-20,715;-44,86444444;1025;2020;06;-0.23;neutral;18.31;24.32;12.81;0.2;0;0.2;1;30;30
A570;OLIVEIRA;-20,715;-44,86444444;1025;2020;07;-0.36;neutral;18.53;25.21;12.86;0;0;0;;31;31
A570;OLIVEIRA;-20,715;-44,86444444;1025;2020;08;-0.53;LN;18.1;25.25;12.06;14.8;2;12;0.811;31;31
A570;OLIVEIRA;-20,715;-44,86444444;1025;2020;09;-0.85;LN;NaN;NaN;NaN;NaN;NaN;NaN;;9;7
A570;OLIVEIRA;-20,715;-44,86444444;1025;2020;10;-1.12;LN;NaN;NaN;NaN;NaN;NaN;NaN;;13;11
A570;OLIVEIRA;-20,715;-44,86444444;1025;2020;11;-1.2;LN;21.34;27.79;16.54;148.2;14;48;0.324;30;29
A570;OLIVEIRA;-20,715;-44,86444444;1025;2020;12;-1.08;LN;21.92;27.36;18.08;312;22;80;0.256;31;31
A570;OLIVEIRA;-20,715;-44,86444444;1025;2021;01;-0.91;LN;22.57;28.74;17.83;102.2;13;33.8;0.331;31;31
A570;OLIVEIRA;-20,715;-44,86444444;1025;2021;02;-0.79;LN;21.15;26.97;17.42;423;18;87;0.206;28;28
A570;OLIVEIRA;-20,715;-44,86444444;1025;2021;03;-0.71;LN;22.05;28.27;17.45;108.2;9;22.8;0.211;31;31
A570;OLIVEIRA;-20,715;-44,86444444;1025;2021;04;-0.55;LN;19.75;26.15;14.3;21.2;3;9.8;0.462;30;30
A570;OLIVEIRA;-20,715;-44,86444444;1025;2021;05;-0.39;neutral;18.88;25.29;13.36;40.2;2;36.2;0.9;31;31
A570;OLIVEIRA;-20,715;-44,86444444;1025;2021;06;-0.3;neutral;17.4;23.67;12.36;5.6;1;4.8;0.857;30;30
A570;OLIVEIRA;-20,715;-44,86444444;1025;2021;07;-0.35;neutral;16.24;23.35;9.91;0;0;0;;31;31
A570;OLIVEIRA;-20,715;-44,86444444;1025;2021;08;-0.45;neutral;18.92;26.02;12.8;1.8;1;1.8;1;31;31
A570;OLIVEIRA;-20,715;-44,86444444;1025;2021;09;-0.63;LN;22.94;30.53;16.4;18.8;4;11;0.585;30;30
A570;OLIVEIRA;-20,715;-44,86444444;1025;2021;10;-0.76;LN;20.68;26.15;16.94;273.4;13;82;0.3;31;31
A570;OLIVEIRA;-20,715;-44,86444444;1025;2021;11;-0.91;LN;20.99;26.59;16.38;221.6;9;43;0.194;30;30
A570;OLIVEIRA;-20,715;-44,86444444;1025;2021;12;-0.87;LN;20.74;26.24;16.95;290.2;14;53.4;0.184;31;31
A570;OLIVEIRA;-20,715;-44,86444444;1025;2022;01;-0.82;LN;21.51;26.73;17.98;463.8;20;68.8;0.148;31;31
A570;OLIVEIRA;-20,715;-44,86444444;1025;2022;02;-0.79;LN;21.19;26.41;17.95;315.4;18;66.4;0.211;28;28
A570;OLIVEIRA;-20,715;-44,86444444;1025;2022;03;-0.86;LN;22.8;29.22;17.55;43.8;4;35;0.799;31;31
A570;OLIVEIRA;-20,715;-44,86444444;1025;2022;04;-0.95;LN;21.16;27.42;16.31;64.4;4;34.8;0.54;30;30
A570;OLIVEIRA;-20,715;-44,86444444;1025;2022;05;-0.9;LN;17.47;23.75;12.24;18.2;5;7.2;0.396;31;31
A570;OLIVEIRA;-20,715;-44,86444444;1025;2022;06;-0.78;LN;17.48;23.96;11.82;3.6;1;3.4;0.944;30;30
A570;OLIVEIRA;-20,715;-44,86444444;1025;2022;07;-0.76;LN;18.21;25.03;12.13;0;0;0;;31;31
A570;OLIVEIRA;-20,715;-44,86444444;1025;2022;08;-0.87;LN;18.15;25.17;12.37;9;1;9;1;31;31
A570;OLIVEIRA;-20,715;-44,86444444;1025;2022;09;-0.97;LN;19.84;26.74;14.17;108.4;7;48.4;0.446;30;30
A570;OLIVEIRA;-20,715;-44,86444444;1025;2022;10;-0.94;LN;21.84;28.27;16.95;95.6;9;25.8;0.27;31;31
A570;OLIVEIRA;-20,715;-44,86444444;1025;2022;11;-0.85;LN;19.74;25.55;15.46;133.4;11;49.4;0.37;30;30
A570;OLIVEIRA;-20,715;-44,86444444;1025;2022;12;-0.71;LN;20.5;25.54;17.28;335.6;21;51.8;0.154;31;31
A570;OLIVEIRA;-20,715;-44,86444444;1025;2023;01;-0.54;LN;21;26.52;17.78;536.2;27;99.8;0.186;31;31
A570;OLIVEIRA;-20,715;-44,86444444;1025;2023;02;-0.29;neutral;22.68;28.34;18.19;79.2;8;44.6;0.563;28;21
A570;OLIVEIRA;-20,715;-44,86444444;1025;2023;03;-0.02;neutral;22.23;28.44;17.86;107.8;10;37.8;0.351;31;31
A570;OLIVEIRA;-20,715;-44,86444444;1025;2023;04;0.27;neutral;20.19;26.06;15.99;98.6;10;26.8;0.272;30;30
A570;OLIVEIRA;-20,715;-44,86444444;1025;2023;05;0.57;EN_weakmod;18.09;24.37;12.9;12.2;2;10;0.82;31;31
A570;OLIVEIRA;-20,715;-44,86444444;1025;2023;06;0.84;EN_weakmod;17.26;23.42;11.74;13;2;10.6;0.815;30;30
A570;OLIVEIRA;-20,715;-44,86444444;1025;2023;07;1.12;EN_weakmod;17.78;24.37;12.26;5.8;2;4.2;0.724;31;31
A570;OLIVEIRA;-20,715;-44,86444444;1025;2023;08;1.37;EN_weakmod;19.76;26.61;13.86;35;4;13.8;0.394;31;31
A570;OLIVEIRA;-20,715;-44,86444444;1025;2023;09;1.6;EN_strong;22.95;30.11;16.86;14.2;4;4.4;0.31;30;30
A570;OLIVEIRA;-20,715;-44,86444444;1025;2023;10;1.83;EN_strong;23.39;29.89;18.93;112.6;11;25.4;0.226;31;31
A570;OLIVEIRA;-20,715;-44,86444444;1025;2023;11;1.99;EN_strong;NaN;NaN;NaN;NaN;NaN;NaN;;16;13
A570;OLIVEIRA;-20,715;-44,86444444;1025;2023;12;2.06;EN_strong;23.73;29.61;19.06;123.6;10;40;0.324;31;27
A570;OLIVEIRA;-20,715;-44,86444444;1025;2024;01;1.92;EN_strong;22.46;27.91;18.56;256;16;49.4;0.193;30;29
A570;OLIVEIRA;-20,715;-44,86444444;1025;2024;02;1.62;EN_strong;22.27;27.85;18.77;128.2;14;30.2;0.236;29;29
A570;OLIVEIRA;-20,715;-44,86444444;1025;2024;03;1.26;EN_weakmod;23.27;28.48;19.54;178.8;12;46.8;0.262;27;22
A570;OLIVEIRA;-20,715;-44,86444444;1025;2024;04;0.82;EN_weakmod;21.95;27.85;17.23;26.4;4;15.4;0.583;30;30
A570;OLIVEIRA;-20,715;-44,86444444;1025;2024;05;0.49;neutral;21.16;27.32;15.43;5.2;2;3.4;0.654;31;31
A570;OLIVEIRA;-20,715;-44,86444444;1025;2024;06;0.22;neutral;19.18;25.79;12.89;0;0;0;;30;30
A570;OLIVEIRA;-20,715;-44,86444444;1025;2024;07;0.08;neutral;19.17;25.8;12.99;11.4;1;11.4;1;31;31
A570;OLIVEIRA;-20,715;-44,86444444;1025;2024;08;-0.07;neutral;19.83;27.27;13.05;0;0;0;;31;31
A570;OLIVEIRA;-20,715;-44,86444444;1025;2024;09;-0.17;neutral;23.56;31.07;16.95;14.6;1;14.6;1;30;30
A570;OLIVEIRA;-20,715;-44,86444444;1025;2024;10;-0.21;neutral;22.18;28.64;17.43;214.4;13;40.2;0.188;31;31
A570;OLIVEIRA;-20,715;-44,86444444;1025;2024;11;-0.3;neutral;21.41;26.61;17.56;230.8;14;69;0.299;30;30
A570;OLIVEIRA;-20,715;-44,86444444;1025;2024;12;-0.42;neutral;22.05;27.42;18.37;351.4;21;65.8;0.187;31;31
A570;OLIVEIRA;-20,715;-44,86444444;1025;2025;01;-0.45;neutral;22.02;27.98;18.33;293.4;22;38.2;0.13;31;31
A570;OLIVEIRA;-20,715;-44,86444444;1025;2025;02;-0.24;neutral;23.26;29.04;18.21;55.6;6;23;0.414;28;28
A570;OLIVEIRA;-20,715;-44,86444444;1025;2025;03;-0.06;neutral;22.34;28.65;17.88;155.8;11;49.4;0.317;31;31
A570;OLIVEIRA;-20,715;-44,86444444;1025;2025;04;0.02;neutral;20.55;26.05;16.75;167.6;11;40.6;0.242;30;30
A570;OLIVEIRA;-20,715;-44,86444444;1025;2025;05;-0.02;neutral;18.48;24.48;13.77;0;0;0;;31;31
A570;OLIVEIRA;-20,715;-44,86444444;1025;2025;06;-0.04;neutral;17.61;23.83;12.44;17;3;6.8;0.4;30;30
A570;OLIVEIRA;-20,715;-44,86444444;1025;2025;07;-0.14;neutral;17.06;23.63;11.52;4.6;1;3.2;0.696;31;31
A570;OLIVEIRA;-20,715;-44,86444444;1025;2025;08;-0.28;neutral;18.28;25.63;12.04;13.6;3;10.4;0.765;31;31
A570;OLIVEIRA;-20,715;-44,86444444;1025;2025;09;-0.4;neutral;20.54;28.04;14.71;13.4;4;5.8;0.433;30;29
A570;OLIVEIRA;-20,715;-44,86444444;1025;2025;10;-0.51;LN;20.92;27.47;15.73;51;8;21;0.412;31;30
A570;OLIVEIRA;-20,715;-44,86444444;1025;2025;11;-0.55;LN;21.26;27.69;16.46;192.4;13;37;0.192;30;30
A570;OLIVEIRA;-20,715;-44,86444444;1025;2025;12;-0.54;LN;22.59;28.35;18.28;205.4;15;26.4;0.129;31;31
A607;CAMPOS DOS GOYTACAZES;-21,71472222;-41,34388888;17;2006;09;0.54;EN_weakmod;NaN;NaN;NaN;NaN;NaN;NaN;;5;5
A607;CAMPOS DOS GOYTACAZES;-21,71472222;-41,34388888;17;2006;10;0.77;EN_weakmod;NaN;NaN;NaN;NaN;NaN;NaN;;31;31
A607;CAMPOS DOS GOYTACAZES;-21,71472222;-41,34388888;17;2006;11;0.94;EN_weakmod;NaN;NaN;NaN;NaN;NaN;NaN;;30;30
A607;CAMPOS DOS GOYTACAZES;-21,71472222;-41,34388888;17;2006;12;0.94;EN_weakmod;NaN;NaN;NaN;NaN;NaN;NaN;;29;28
A607;CAMPOS DOS GOYTACAZES;-21,71472222;-41,34388888;17;2007;01;0.66;EN_weakmod;25.2;29.95;22.51;430.4;19;90.6;0.211;31;31
A607;CAMPOS DOS GOYTACAZES;-21,71472222;-41,34388888;17;2007;02;0.22;neutral;26.13;31.44;22.68;49.2;6;25;0.508;28;28
A607;CAMPOS DOS GOYTACAZES;-21,71472222;-41,34388888;17;2007;03;-0.12;neutral;26.91;33.58;22.82;67.2;3;48.4;0.72;31;31
A607;CAMPOS DOS GOYTACAZES;-21,71472222;-41,34388888;17;2007;04;-0.32;neutral;25.02;30.8;21.37;91.8;10;22.4;0.244;30;30
A607;CAMPOS DOS GOYTACAZES;-21,71472222;-41,34388888;17;2007;05;-0.38;neutral;21.81;27.39;17.91;122.2;7;71.4;0.584;31;31
A607;CAMPOS DOS GOYTACAZES;-21,71472222;-41,34388888;17;2007;06;-0.47;neutral;21.47;27.97;16.97;13.8;1;10;0.725;30;30
A607;CAMPOS DOS GOYTACAZES;-21,71472222;-41,34388888;17;2007;07;-0.56;LN;21.14;27.21;16.95;19.8;3;12;0.606;31;31
A607;CAMPOS DOS GOYTACAZES;-21,71472222;-41,34388888;17;2007;08;-0.81;LN;21.5;27.8;17.2;10.4;3;4.8;0.462;31;31
A607;CAMPOS DOS GOYTACAZES;-21,71472222;-41,34388888;17;2007;09;-1.07;LN;22.17;27.92;18.25;26.6;6;12.4;0.466;30;30
A607;CAMPOS DOS GOYTACAZES;-21,71472222;-41,34388888;17;2007;10;-1.34;LN;23.86;29.36;20.15;84.6;5;32.2;0.381;31;31
A607;CAMPOS DOS GOYTACAZES;-21,71472222;-41,34388888;17;2007;11;-1.5;LN;24.11;29.6;20.9;82.6;9;29;0.351;30;30
A607;CAMPOS DOS GOYTACAZES;-21,71472222;-41,34388888;17;2007;12;-1.6;LN;25.66;31.28;21.98;116.2;10;28.6;0.246;31;31
A607;CAMPOS DOS GOYTACAZES;-21,71472222;-41,34388888;17;2008;01;-1.64;LN;24.69;29.77;21.31;156.6;11;45.6;0.291;31;31
A607;CAMPOS DOS GOYTACAZES;-21,71472222;-41,34388888;17;2008;02;-1.52;LN;25.51;31.55;21.91;136.2;11;43.2;0.317;29;29
A607;CAMPOS DOS GOYTACAZES;-21,71472222;-41,34388888;17;2008;03;-1.29;LN;25.55;31.57;22.16;98;9;42.2;0.431;28;27
A607;CAMPOS DOS GOYTACAZES;-21,71472222;-41,34388888;17;2008;04;-1.01;LN;24.91;30.45;21.47;232.4;12;126.4;0.544;30;30
A607;CAMPOS DOS GOYTACAZES;-21,71472222;-41,34388888;17;2008;05;-0.84;LN;21.81;28.04;17.51;11.2;3;6;0.536;31;31
A607;CAMPOS DOS GOYTACAZES;-21,71472222;-41,34388888;17;2008;06;-0.61;LN;21.11;26.64;17.43;53.6;4;27.2;0.507;30;30
A607;CAMPOS DOS GOYTACAZES;-21,71472222;-41,34388888;17;2008;07;-0.37;neutral;20.12;27;15.15;14;3;4.6;0.329;31;31
A607;CAMPOS DOS GOYTACAZES;-21,71472222;-41,34388888;17;2008;08;-0.23;neutral;22.19;28.62;17.91;3.8;1;1.8;0.474;31;31
A607;CAMPOS DOS GOYTACAZES;-21,71472222;-41,34388888;17;2008;09;-0.24;neutral;21.47;27.44;17.57;63.2;9;13.6;0.215;30;30
A607;CAMPOS DOS GOYTACAZES;-21,71472222;-41,34388888;17;2008;10;-0.35;neutral;23.42;28.74;20.44;72.4;9;30;0.414;31;31
A607;CAMPOS DOS GOYTACAZES;-21,71472222;-41,34388888;17;2008;11;-0.55;LN;23.49;27.93;20.63;506.4;21;131.8;0.26;30;30
A607;CAMPOS DOS GOYTACAZES;-21,71472222;-41,34388888;17;2008;12;-0.73;LN;24.08;28.37;21.4;407;15;82.4;0.202;31;31
A607;CAMPOS DOS GOYTACAZES;-21,71472222;-41,34388888;17;2009;01;-0.85;LN;25.72;30.99;22.6;156;13;40.8;0.262;31;31
A607;CAMPOS DOS GOYTACAZES;-21,71472222;-41,34388888;17;2009;02;-0.79;LN;26.85;32.98;23.15;67.4;7;31.6;0.469;28;28
A607;CAMPOS DOS GOYTACAZES;-21,71472222;-41,34388888;17;2009;03;-0.61;LN;26.26;32.33;22.78;150.8;11;53.6;0.355;31;31
A607;CAMPOS DOS GOYTACAZES;-21,71472222;-41,34388888;17;2009;04;-0.33;neutral;24.06;28.97;20.81;101.4;9;32.2;0.318;30;30
A607;CAMPOS DOS GOYTACAZES;-21,71472222;-41,34388888;17;2009;05;0.01;neutral;22.56;27.68;18.96;39;8;18.4;0.472;31;31
A607;CAMPOS DOS GOYTACAZES;-21,71472222;-41,34388888;17;2009;06;0.28;neutral;20.49;25.53;16.79;49.4;9;14.2;0.287;30;30
A607;CAMPOS DOS GOYTACAZES;-21,71472222;-41,34388888;17;2009;07;0.45;neutral;21.28;26.39;17.75;36.2;7;10;0.276;31;31
A607;CAMPOS DOS GOYTACAZES;-21,71472222;-41,34388888;17;2009;08;0.58;EN_weakmod;21.59;26.68;17.99;19;3;12.4;0.653;31;31
A607;CAMPOS DOS GOYTACAZES;-21,71472222;-41,34388888;17;2009;09;0.71;EN_weakmod;23.47;29.07;20.09;33.8;6;10.8;0.32;30;30
A607;CAMPOS DOS GOYTACAZES;-21,71472222;-41,34388888;17;2009;10;1.01;EN_weakmod;23.92;28.42;21.05;219;14;47.4;0.216;31;29
A607;CAMPOS DOS GOYTACAZES;-21,71472222;-41,34388888;17;2009;11;1.36;EN_weakmod;26.25;32.13;22.62;75.2;6;35.6;0.473;30;30
A607;CAMPOS DOS GOYTACAZES;-21,71472222;-41,34388888;17;2009;12;1.56;EN_strong;26.01;31.17;22.81;154.4;13;33.6;0.218;31;31
A607;CAMPOS DOS GOYTACAZES;-21,71472222;-41,34388888;17;2010;01;1.5;EN_strong;27.65;33.76;23.35;22.4;1;22.4;1;31;31
A607;CAMPOS DOS GOYTACAZES;-21,71472222;-41,34388888;17;2010;02;1.22;EN_weakmod;27.92;34.12;23.65;63.2;2;33.8;0.535;28;28
A607;CAMPOS DOS GOYTACAZES;-21,71472222;-41,34388888;17;2010;03;0.84;EN_weakmod;26.49;32.26;23.08;110.8;13;25.2;0.227;31;31
A607;CAMPOS DOS GOYTACAZES;-21,71472222;-41,34388888;17;2010;04;0.35;neutral;24.42;29.84;20.68;35;7;13.2;0.377;30;30
A607;CAMPOS DOS GOYTACAZES;-21,71472222;-41,34388888;17;2010;05;-0.17;neutral;22.49;28.02;18.8;39.4;6;15;0.381;31;31
A607;CAMPOS DOS GOYTACAZES;-21,71472222;-41,34388888;17;2010;06;-0.66;LN;19.88;25.68;15.71;44.8;8;9.4;0.21;30;30
A607;CAMPOS DOS GOYTACAZES;-21,71472222;-41,34388888;17;2010;07;-1.05;LN;21.21;26.08;17.85;57.6;8;16;0.278;31;31
A607;CAMPOS DOS GOYTACAZES;-21,71472222;-41,34388888;17;2010;08;-1.35;LN;20.63;26.94;16.31;6.4;1;4.6;0.719;31;31
A607;CAMPOS DOS GOYTACAZES;-21,71472222;-41,34388888;17;2010;09;-1.56;LN;22.4;28.33;18.43;9.4;2;6.4;0.681;30;30
A607;CAMPOS DOS GOYTACAZES;-21,71472222;-41,34388888;17;2010;10;-1.64;LN;23.1;28.18;19.93;99.2;5;47.2;0.476;31;31
A607;CAMPOS DOS GOYTACAZES;-21,71472222;-41,34388888;17;2010;11;-1.64;LN;23.74;28.22;20.9;171.2;17;37.4;0.218;30;30
A607;CAMPOS DOS GOYTACAZES;-21,71472222;-41,34388888;17;2010;12;-1.54;LN;NaN;NaN;NaN;NaN;NaN;NaN;;5;5
A607;CAMPOS DOS GOYTACAZES;-21,71472222;-41,34388888;17;2011;01;-1.31;LN;NaN;NaN;NaN;NaN;NaN;NaN;;0;0
A607;CAMPOS DOS GOYTACAZES;-21,71472222;-41,34388888;17;2011;02;-1.04;LN;NaN;NaN;NaN;NaN;NaN;NaN;;17;16
A607;CAMPOS DOS GOYTACAZES;-21,71472222;-41,34388888;17;2011;03;-0.8;LN;24.9;29.85;22.28;301;22;47.2;0.157;31;31
A607;CAMPOS DOS GOYTACAZES;-21,71472222;-41,34388888;17;2011;04;-0.62;LN;24.66;29.99;21.3;54.4;9;18;0.331;30;30
A607;CAMPOS DOS GOYTACAZES;-21,71472222;-41,34388888;17;2011;05;-0.46;neutral;21.49;27.1;17.5;47.6;5;19;0.399;31;31
A607;CAMPOS DOS GOYTACAZES;-21,71472222;-41,34388888;17;2011;06;-0.37;neutral;20.39;26.07;16.34;17.8;3;9.2;0.517;30;30
A607;CAMPOS DOS GOYTACAZES;-21,71472222;-41,34388888;17;2011;07;-0.43;neutral;20.42;26.78;15.66;7.4;2;2;0.27;31;31
A607;CAMPOS DOS GOYTACAZES;-21,71472222;-41,34388888;17;2011;08;-0.58;LN;21.79;28.63;17.58;23.4;4;10.4;0.444;31;31
A607;CAMPOS DOS GOYTACAZES;-21,71472222;-41,34388888;17;2011;09;-0.79;LN;21.07;27.11;16.96;15.2;2;11.8;0.776;30;30
A607;CAMPOS DOS GOYTACAZES;-21,71472222;-41,34388888;17;2011;10;-0.96;LN;22.84;28.04;19.65;156;12;48.4;0.31;31;31
A607;CAMPOS DOS GOYTACAZES;-21,71472222;-41,34388888;17;2011;11;-1.02;LN;22.71;27.3;19.45;114.2;10;25.6;0.224;30;30
A607;CAMPOS DOS GOYTACAZES;-21,71472222;-41,34388888;17;2011;12;-0.92;LN;24.32;28.83;21.57;120.4;12;29.8;0.248;31;31
A607;CAMPOS DOS GOYTACAZES;-21,71472222;-41,34388888;17;2012;01;-0.72;LN;24.91;30.16;21.44;208.2;12;54.8;0.263;31;31
A607;CAMPOS DOS GOYTACAZES;-21,71472222;-41,34388888;17;2012;02;-0.57;LN;26.03;32.69;21.6;18;3;9.2;0.511;29;29
A607;CAMPOS DOS GOYTACAZES;-21,71472222;-41,34388888;17;2012;03;-0.46;neutral;25.46;31.78;21.63;94.8;9;33;0.348;31;31
A607;CAMPOS DOS GOYTACAZES;-21,71472222;-41,34388888;17;2012;04;-0.36;neutral;24.89;30.73;21;12.6;4;5.2;0.413;30;30
A607;CAMPOS DOS GOYTACAZES;-21,71472222;-41,34388888;17;2012;05;-0.17;neutral;21.37;26.58;17.86;149.4;11;40.6;0.272;31;31
A607;CAMPOS DOS GOYTACAZES;-21,71472222;-41,34388888;17;2012;06;0.06;neutral;22.09;27.57;18.6;97;6;54.4;0.561;30;30
A607;CAMPOS DOS GOYTACAZES;-21,71472222;-41,34388888;17;2012;07;0.3;neutral;21.39;27.95;16.73;15.4;2;10.2;0.662;31;31
A607;CAMPOS DOS GOYTACAZES;-21,71472222;-41,34388888;17;2012;08;0.41;neutral;20.99;26.61;17.15;70.8;13;17.6;0.249;31;31
A607;CAMPOS DOS GOYTACAZES;-21,71472222;-41,34388888;17;2012;09;0.41;neutral;21.87;28.18;17.6;30;5;15.4;0.513;30;30
A607;CAMPOS DOS GOYTACAZES;-21,71472222;-41,34388888;17;2012;10;0.31;neutral;24.36;31.05;20.09;14.8;2;9.2;0.622;31;31
A607;CAMPOS DOS GOYTACAZES;-21,71472222;-41,34388888;17;2012;11;0.13;neutral;23.83;28.47;20.94;159.8;15;61.2;0.383;30;30
A607;CAMPOS DOS GOYTACAZES;-21,71472222;-41,34388888;17;2012;12;-0.1;neutral;27.34;34.36;23.05;14;3;7.6;0.543;31;31
A607;CAMPOS DOS GOYTACAZES;-21,71472222;-41,34388888;17;2013;01;-0.29;neutral;25.94;31.53;22.45;67;3;34.8;0.519;31;31
A607;CAMPOS DOS GOYTACAZES;-21,71472222;-41,34388888;17;2013;02;-0.29;neutral;26.49;32.65;22.44;47;1;47;1;28;28
A607;CAMPOS DOS GOYTACAZES;-21,71472222;-41,34388888;17;2013;03;-0.21;neutral;25.79;31.4;22.44;NaN;NaN;NaN;;30;0
A607;CAMPOS DOS GOYTACAZES;-21,71472222;-41,34388888;17;2013;04;-0.19;neutral;NaN;NaN;NaN;NaN;NaN;NaN;;15;14
A607;CAMPOS DOS GOYTACAZES;-21,71472222;-41,34388888;17;2013;05;-0.27;neutral;22.08;28.04;18;54.8;6;13.6;0.248;31;31
A607;CAMPOS DOS GOYTACAZES;-21,71472222;-41,34388888;17;2013;06;-0.34;neutral;22.1;27.77;18.22;23.4;4;8;0.342;30;30
A607;CAMPOS DOS GOYTACAZES;-21,71472222;-41,34388888;17;2013;07;-0.35;neutral;20.74;26.43;16.62;76.8;5;61.8;0.805;31;31
A607;CAMPOS DOS GOYTACAZES;-21,71472222;-41,34388888;17;2013;08;-0.28;neutral;21.22;27.92;16.69;58.2;4;27;0.464;31;31
A607;CAMPOS DOS GOYTACAZES;-21,71472222;-41,34388888;17;2013;09;-0.21;neutral;22.21;27.84;18.37;54.2;4;28.6;0.528;30;30
A607;CAMPOS DOS GOYTACAZES;-21,71472222;-41,34388888;17;2013;10;-0.13;neutral;23.01;28.49;19.43;11.6;4;5.4;0.466;31;31
A607;CAMPOS DOS GOYTACAZES;-21,71472222;-41,34388888;17;2013;11;-0.1;neutral;23.72;28.55;20.44;22.6;3;13.2;0.584;26;26
A607;CAMPOS DOS GOYTACAZES;-21,71472222;-41,34388888;17;2013;12;-0.15;neutral;25.13;30.01;22.33;337.8;21;86.6;0.256;31;31
A607;CAMPOS DOS GOYTACAZES;-21,71472222;-41,34388888;17;2014;01;-0.28;neutral;26.6;33.16;22.12;34.6;1;34.2;0.988;31;31
A607;CAMPOS DOS GOYTACAZES;-21,71472222;-41,34388888;17;2014;02;-0.32;neutral;26.95;33.47;22.09;10.6;1;10.4;0.981;28;28
A607;CAMPOS DOS GOYTACAZES;-21,71472222;-41,34388888;17;2014;03;-0.14;neutral;25.99;32.67;22.07;112.2;10;61.6;0.549;31;31
A607;CAMPOS DOS GOYTACAZES;-21,71472222;-41,34388888;17;2014;04;0.15;neutral;24.36;29.89;20.65;134.4;11;32.4;0.241;30;30
A607;CAMPOS DOS GOYTACAZES;-21,71472222;-41,34388888;17;2014;05;0.31;neutral;22.61;28.43;18.55;7.6;2;1.2;0.158;31;31
A607;CAMPOS DOS GOYTACAZES;-21,71472222;-41,34388888;17;2014;06;0.23;neutral;22.09;28.32;18.2;32.2;9;7;0.217;30;30
A607;CAMPOS DOS GOYTACAZES;-21,71472222;-41,34388888;17;2014;07;0.1;neutral;20.82;25.99;17.46;113.8;9;24.6;0.216;31;31
A607;CAMPOS DOS GOYTACAZES;-21,71472222;-41,34388888;17;2014;08;0.11;neutral;20.83;27.25;16.48;19;3;8.2;0.432;31;31
A607;CAMPOS DOS GOYTACAZES;-21,71472222;-41,34388888;17;2014;09;0.28;neutral;22.94;29.72;18.18;10.4;4;3.8;0.365;30;30
A607;CAMPOS DOS GOYTACAZES;-21,71472222;-41,34388888;17;2014;10;0.54;EN_weakmod;23.06;29.39;19.05;34.6;4;14.6;0.422;31;31
A607;CAMPOS DOS GOYTACAZES;-21,71472222;-41,34388888;17;2014;11;0.71;EN_weakmod;24.57;30.15;21.09;78.6;7;51.8;0.659;30;30
A607;CAMPOS DOS GOYTACAZES;-21,71472222;-41,34388888;17;2014;12;0.77;EN_weakmod;26.37;32.8;22.13;24;4;10.2;0.425;31;31
A607;CAMPOS DOS GOYTACAZES;-21,71472222;-41,34388888;17;2015;01;0.69;EN_weakmod;27.59;34.96;22.55;0;0;0;;31;31
A607;CAMPOS DOS GOYTACAZES;-21,71472222;-41,34388888;17;2015;02;0.61;EN_weakmod;27.38;34.48;22.96;50.2;6;18;0.359;28;28
A607;CAMPOS DOS GOYTACAZES;-21,71472222;-41,34388888;17;2015;03;0.65;EN_weakmod;26.61;33.18;22.67;114.2;9;47.2;0.413;31;31
A607;CAMPOS DOS GOYTACAZES;-21,71472222;-41,34388888;17;2015;04;0.81;EN_weakmod;24.45;30.39;20.53;68;9;30.8;0.453;30;30
A607;CAMPOS DOS GOYTACAZES;-21,71472222;-41,34388888;17;2015;05;1.02;EN_weakmod;22.03;27.02;18.57;120.2;12;30.6;0.255;31;31
A607;CAMPOS DOS GOYTACAZES;-21,71472222;-41,34388888;17;2015;06;1.25;EN_weakmod;21.58;27.15;17.69;44.4;7;13.2;0.297;30;30
A607;CAMPOS DOS GOYTACAZES;-21,71472222;-41,34388888;17;2015;07;1.57;EN_strong;21.99;27.54;18.1;18;4;6.4;0.356;31;31
A607;CAMPOS DOS GOYTACAZES;-21,71472222;-41,34388888;17;2015;08;1.91;EN_strong;21.74;27.66;17.43;36.4;6;16.4;0.451;31;31
A607;CAMPOS DOS GOYTACAZES;-21,71472222;-41,34388888;17;2015;09;2.21;EN_strong;23.25;28.67;19.79;82.4;10;30.2;0.367;30;30
A607;CAMPOS DOS GOYTACAZES;-21,71472222;-41,34388888;17;2015;10;2.47;EN_strong;24.3;29.56;20.88;96;7;55.8;0.581;31;31
A607;CAMPOS DOS GOYTACAZES;-21,71472222;-41,34388888;17;2015;11;2.64;EN_strong;25.62;30.2;22.83;151.8;15;56.2;0.37;30;30
A607;CAMPOS DOS GOYTACAZES;-21,71472222;-41,34388888;17;2015;12;2.75;EN_strong;26.45;32.18;22.57;106.4;8;35.2;0.331;31;31
A607;CAMPOS DOS GOYTACAZES;-21,71472222;-41,34388888;17;2016;01;2.63;EN_strong;26.04;31.51;22.48;215.6;14;55.4;0.257;31;31
A607;CAMPOS DOS GOYTACAZES;-21,71472222;-41,34388888;17;2016;02;2.28;EN_strong;27.4;34.36;23.03;81.6;3;38.2;0.468;29;29
A607;CAMPOS DOS GOYTACAZES;-21,71472222;-41,34388888;17;2016;03;1.71;EN_strong;26.76;33.54;22.66;61.6;7;36.8;0.597;31;31
A607;CAMPOS DOS GOYTACAZES;-21,71472222;-41,34388888;17;2016;04;1.05;EN_weakmod;26.16;33.45;21.45;18.6;2;9.6;0.516;30;30
A607;CAMPOS DOS GOYTACAZES;-21,71472222;-41,34388888;17;2016;05;0.49;neutral;22.71;28.87;18.54;28.6;3;11;0.385;31;31
A607;CAMPOS DOS GOYTACAZES;-21,71472222;-41,34388888;17;2016;06;0;neutral;20.34;25.72;16.52;59;10;12;0.203;30;30
A607;CAMPOS DOS GOYTACAZES;-21,71472222;-41,34388888;17;2016;07;-0.31;neutral;20.96;27.35;16.61;28;2;12.8;0.457;31;31
A607;CAMPOS DOS GOYTACAZES;-21,71472222;-41,34388888;17;2016;08;-0.5;LN;21.69;28.31;17.03;20.6;5;6.6;0.32;31;31
A607;CAMPOS DOS GOYTACAZES;-21,71472222;-41,34388888;17;2016;09;-0.58;LN;22.89;29.11;18.95;37.2;4;13.8;0.371;30;30
A607;CAMPOS DOS GOYTACAZES;-21,71472222;-41,34388888;17;2016;10;-0.64;LN;23.08;27.95;19.89;88.4;7;29.6;0.335;31;31
A607;CAMPOS DOS GOYTACAZES;-21,71472222;-41,34388888;17;2016;11;-0.6;LN;24.24;29.71;20.61;224;12;100.8;0.45;30;30
A607;CAMPOS DOS GOYTACAZES;-21,71472222;-41,34388888;17;2016;12;-0.45;neutral;25.73;31.41;21.91;168.2;11;50.6;0.301;31;31
A607;CAMPOS DOS GOYTACAZES;-21,71472222;-41,34388888;17;2017;01;-0.19;neutral;27.01;33.48;22.6;71.2;5;44.4;0.624;31;31
A607;CAMPOS DOS GOYTACAZES;-21,71472222;-41,34388888;17;2017;02;-0.02;neutral;26.72;33.09;22.75;44.2;9;17.8;0.403;28;28
A607;CAMPOS DOS GOYTACAZES;-21,71472222;-41,34388888;17;2017;03;0.18;neutral;25.9;32.69;21.48;86.8;8;27.8;0.32;31;31
A607;CAMPOS DOS GOYTACAZES;-21,71472222;-41,34388888;17;2017;04;0.31;neutral;24.31;30.18;20.36;66.8;7;38;0.569;30;30
A607;CAMPOS DOS GOYTACAZES;-21,71472222;-41,34388888;17;2017;05;0.4;neutral;22.12;27.71;18.15;76;4;32.4;0.426;31;31
A607;CAMPOS DOS GOYTACAZES;-21,71472222;-41,34388888;17;2017;06;0.39;neutral;21.88;27.78;17.63;28.8;8;7.8;0.271;30;30
A607;CAMPOS DOS GOYTACAZES;-21,71472222;-41,34388888;17;2017;07;0.19;neutral;19.51;25.01;15.53;79;15;30;0.38;31;31
A607;CAMPOS DOS GOYTACAZES;-21,71472222;-41,34388888;17;2017;08;-0.07;neutral;NaN;NaN;NaN;NaN;NaN;NaN;;4;4
A607;CAMPOS DOS GOYTACAZES;-21,71472222;-41,34388888;17;2017;09;-0.34;neutral;NaN;NaN;NaN;NaN;NaN;NaN;;0;0
A607;CAMPOS DOS GOYTACAZES;-21,71472222;-41,34388888;17;2017;10;-0.6;LN;24.33;30.41;20.58;5.8;3;1.6;0.276;28;28
A607;CAMPOS DOS GOYTACAZES;-21,71472222;-41,34388888;17;2017;11;-0.77;LN;23.91;29.75;20.41;122.8;10;29;0.236;30;30
A607;CAMPOS DOS GOYTACAZES;-21,71472222;-41,34388888;17;2017;12;-0.86;LN;25.35;30.8;21.86;119.2;9;34.6;0.29;31;31
A607;CAMPOS DOS GOYTACAZES;-21,71472222;-41,34388888;17;2018;01;-0.77;LN;26.73;33.35;22.42;132.8;7;75.6;0.569;31;31
A607;CAMPOS DOS GOYTACAZES;-21,71472222;-41,34388888;17;2018;02;-0.71;LN;25.84;31.84;22.2;119;12;43.6;0.366;28;28
A607;CAMPOS DOS GOYTACAZES;-21,71472222;-41,34388888;17;2018;03;-0.57;LN;26.25;32.04;22.74;412.8;13;87.6;0.212;31;31
A607;CAMPOS DOS GOYTACAZES;-21,71472222;-41,34388888;17;2018;04;-0.39;neutral;24.02;29.47;20.61;50.4;9;25;0.496;30;30
A607;CAMPOS DOS GOYTACAZES;-21,71472222;-41,34388888;17;2018;05;-0.13;neutral;22.27;27.51;18.85;38.8;8;7.4;0.191;31;31
A607;CAMPOS DOS GOYTACAZES;-21,71472222;-41,34388888;17;2018;06;0.06;neutral;21.98;27.83;18.45;4.6;1;2;0.435;30;30
A607;CAMPOS DOS GOYTACAZES;-21,71472222;-41,34388888;17;2018;07;0.14;neutral;21.46;28.29;17;34;2;30.8;0.906;31;31
A607;CAMPOS DOS GOYTACAZES;-21,71472222;-41,34388888;17;2018;08;0.27;neutral;20.88;25.67;17.54;77.8;8;26.4;0.339;31;31
A607;CAMPOS DOS GOYTACAZES;-21,71472222;-41,34388888;17;2018;09;0.53;EN_weakmod;22.69;28.15;19.22;34.2;8;15.2;0.444;30;30
A607;CAMPOS DOS GOYTACAZES;-21,71472222;-41,34388888;17;2018;10;0.81;EN_weakmod;23.49;28.51;20.48;94.2;10;47;0.499;31;31
A607;CAMPOS DOS GOYTACAZES;-21,71472222;-41,34388888;17;2018;11;0.97;EN_weakmod;24.34;29.36;21.03;128.4;10;43.2;0.336;30;30
A607;CAMPOS DOS GOYTACAZES;-21,71472222;-41,34388888;17;2018;12;0.92;EN_weakmod;25.67;31.71;21.59;53;10;12.8;0.242;31;31
A607;CAMPOS DOS GOYTACAZES;-21,71472222;-41,34388888;17;2019;01;0.89;EN_weakmod;27.65;34.81;22.7;32.2;1;32;0.994;31;31
A607;CAMPOS DOS GOYTACAZES;-21,71472222;-41,34388888;17;2019;02;0.86;EN_weakmod;27.48;34.81;23.01;134.4;10;62.2;0.463;28;28
A607;CAMPOS DOS GOYTACAZES;-21,71472222;-41,34388888;17;2019;03;0.84;EN_weakmod;26.63;32.77;22.76;72.8;7;38.2;0.525;31;31
A607;CAMPOS DOS GOYTACAZES;-21,71472222;-41,34388888;17;2019;04;0.77;EN_weakmod;25.94;32.57;21.72;46;8;17.4;0.378;30;30
A607;CAMPOS DOS GOYTACAZES;-21,71472222;-41,34388888;17;2019;05;0.64;EN_weakmod;24.1;29.97;20.36;133.4;8;38;0.285;31;31
A607;CAMPOS DOS GOYTACAZES;-21,71472222;-41,34388888;17;2019;06;0.52;EN_weakmod;22.46;28.58;18.45;23;6;6.8;0.296;30;30
A607;CAMPOS DOS GOYTACAZES;-21,71472222;-41,34388888;17;2019;07;0.33;neutral;20.69;27.45;15.9;7.2;3;2.4;0.333;31;31
A607;CAMPOS DOS GOYTACAZES;-21,71472222;-41,34388888;17;2019;08;0.19;neutral;20.77;26.45;17.02;58;7;26;0.448;31;31
A607;CAMPOS DOS GOYTACAZES;-21,71472222;-41,34388888;17;2019;09;0.23;neutral;22.68;28.2;19.11;72.8;9;32.8;0.451;30;30
A607;CAMPOS DOS GOYTACAZES;-21,71472222;-41,34388888;17;2019;10;0.39;neutral;24.25;29.72;20.66;25.8;4;16.8;0.651;31;31
A607;CAMPOS DOS GOYTACAZES;-21,71472222;-41,34388888;17;2019;11;0.58;EN_weakmod;24.28;29.21;21.29;336;17;111.8;0.333;30;30
A607;CAMPOS DOS GOYTACAZES;-21,71472222;-41,34388888;17;2019;12;0.66;EN_weakmod;25.38;30.49;22.01;126.2;10;45;0.357;31;31
A607;CAMPOS DOS GOYTACAZES;-21,71472222;-41,34388888;17;2020;01;0.64;EN_weakmod;26.17;31.95;22.62;167;10;68.4;0.41;31;31
A607;CAMPOS DOS GOYTACAZES;-21,71472222;-41,34388888;17;2020;02;0.63;EN_weakmod;26.02;31.22;22.72;135.8;13;31;0.228;29;29
A607;CAMPOS DOS GOYTACAZES;-21,71472222;-41,34388888;17;2020;03;0.53;EN_weakmod;24.8;30.05;21.28;148;12;37.2;0.251;31;31
A607;CAMPOS DOS GOYTACAZES;-21,71472222;-41,34388888;17;2020;04;0.3;neutral;23.52;28.87;19.9;79.2;8;41.8;0.528;30;30
A607;CAMPOS DOS GOYTACAZES;-21,71472222;-41,34388888;17;2020;05;0.01;neutral;21.63;27.86;17.15;75.6;6;24.4;0.323;31;31
A607;CAMPOS DOS GOYTACAZES;-21,71472222;-41,34388888;17;2020;06;-0.23;neutral;21.92;28.6;17.56;10;3;4.6;0.46;30;30
A607;CAMPOS DOS GOYTACAZES;-21,71472222;-41,34388888;17;2020;07;-0.36;neutral;21.41;27.63;17.22;30.4;4;16.6;0.546;31;31
A607;CAMPOS DOS GOYTACAZES;-21,71472222;-41,34388888;17;2020;08;-0.53;LN;21.33;27.63;16.84;30.4;1;28.2;0.928;31;31
A607;CAMPOS DOS GOYTACAZES;-21,71472222;-41,34388888;17;2020;09;-0.85;LN;23.69;30.29;19.43;64;5;37;0.578;30;30
A607;CAMPOS DOS GOYTACAZES;-21,71472222;-41,34388888;17;2020;10;-1.12;LN;23.94;29.23;20.71;158.2;11;48.4;0.306;31;31
A607;CAMPOS DOS GOYTACAZES;-21,71472222;-41,34388888;17;2020;11;-1.2;LN;23.99;29.16;20.75;189.8;13;37.6;0.198;30;30
A607;CAMPOS DOS GOYTACAZES;-21,71472222;-41,34388888;17;2020;12;-1.08;LN;25.68;31.81;21.96;202;8;97.4;0.482;31;31
A607;CAMPOS DOS GOYTACAZES;-21,71472222;-41,34388888;17;2021;01;-0.91;LN;26.51;32.96;22.06;43.8;2;31;0.708;31;31
A607;CAMPOS DOS GOYTACAZES;-21,71472222;-41,34388888;17;2021;02;-0.79;LN;25.47;31.62;21.84;189.6;11;44.8;0.236;28;28
A607;CAMPOS DOS GOYTACAZES;-21,71472222;-41,34388888;17;2021;03;-0.71;LN;26.04;33.02;21.82;121.2;7;41.4;0.342;31;31
A607;CAMPOS DOS GOYTACAZES;-21,71472222;-41,34388888;17;2021;04;-0.55;LN;23.64;30.54;18.98;45;8;15.2;0.338;30;30
A607;CAMPOS DOS GOYTACAZES;-21,71472222;-41,34388888;17;2021;05;-0.39;neutral;22.63;29.66;18.19;50.2;3;37;0.737;31;31
A607;CAMPOS DOS GOYTACAZES;-21,71472222;-41,34388888;17;2021;06;-0.3;neutral;21.02;27.05;17.04;75.2;6;32;0.426;30;30
A607;CAMPOS DOS GOYTACAZES;-21,71472222;-41,34388888;17;2021;07;-0.35;neutral;19.79;27.25;14.62;5;2;1.2;0.24;31;31
A607;CAMPOS DOS GOYTACAZES;-21,71472222;-41,34388888;17;2021;08;-0.45;neutral;20.96;27.41;16.7;134;8;86.6;0.646;31;31
A607;CAMPOS DOS GOYTACAZES;-21,71472222;-41,34388888;17;2021;09;-0.63;LN;23.09;28.97;19.66;48.8;4;29.6;0.607;30;30
A607;CAMPOS DOS GOYTACAZES;-21,71472222;-41,34388888;17;2021;10;-0.76;LN;22.34;26.62;19.78;245.2;17;49.4;0.201;31;31
A607;CAMPOS DOS GOYTACAZES;-21,71472222;-41,34388888;17;2021;11;-0.91;LN;23;28.01;19.67;142.4;11;26.2;0.184;30;30
A607;CAMPOS DOS GOYTACAZES;-21,71472222;-41,34388888;17;2021;12;-0.87;LN;24.66;30.09;21.24;88.2;14;19.6;0.222;31;31
A607;CAMPOS DOS GOYTACAZES;-21,71472222;-41,34388888;17;2022;01;-0.82;LN;26.24;32.2;22.68;117.2;7;37;0.316;31;31
A607;CAMPOS DOS GOYTACAZES;-21,71472222;-41,34388888;17;2022;02;-0.79;LN;25.64;31.42;22.4;197;12;59.4;0.302;28;28
A607;CAMPOS DOS GOYTACAZES;-21,71472222;-41,34388888;17;2022;03;-0.86;LN;26.57;33.63;22.04;22;3;14;0.636;31;31
A607;CAMPOS DOS GOYTACAZES;-21,71472222;-41,34388888;17;2022;04;-0.95;LN;24.87;31.44;20.56;75.4;5;29.4;0.39;30;30
A607;CAMPOS DOS GOYTACAZES;-21,71472222;-41,34388888;17;2022;05;-0.9;LN;22.27;28.34;18.14;35.4;4;19.4;0.548;31;31
A607;CAMPOS DOS GOYTACAZES;-21,71472222;-41,34388888;17;2022;06;-0.78;LN;20.74;27.41;16.32;15.6;4;5.8;0.372;30;30
A607;CAMPOS DOS GOYTACAZES;-21,71472222;-41,34388888;17;2022;07;-0.76;LN;21.76;29.04;17.01;2.6;0;0.8;0.308;31;31
A607;CAMPOS DOS GOYTACAZES;-21,71472222;-41,34388888;17;2022;08;-0.87;LN;21.34;27.83;17.1;8.4;3;3.8;0.452;31;31
A607;CAMPOS DOS GOYTACAZES;-21,71472222;-41,34388888;17;2022;09;-0.97;LN;21.43;27.52;17.55;62.6;6;21.6;0.345;30;30
A607;CAMPOS DOS GOYTACAZES;-21,71472222;-41,34388888;17;2022;10;-0.94;LN;24.43;30.23;20.9;72.4;6;37.8;0.522;31;31
A607;CAMPOS DOS GOYTACAZES;-21,71472222;-41,34388888;17;2022;11;-0.85;LN;23.12;27.97;19.71;342;16;69.2;0.202;30;29
A607;CAMPOS DOS GOYTACAZES;-21,71472222;-41,34388888;17;2022;12;-0.71;LN;24.54;29.31;21.69;294.8;15;148;0.502;31;31
A607;CAMPOS DOS GOYTACAZES;-21,71472222;-41,34388888;17;2023;01;-0.54;LN;25.82;31.41;22.57;221;10;73;0.33;31;31
A607;CAMPOS DOS GOYTACAZES;-21,71472222;-41,34388888;17;2023;02;-0.29;neutral;27.13;33.99;22.95;30.2;6;9.4;0.311;28;28
A607;CAMPOS DOS GOYTACAZES;-21,71472222;-41,34388888;17;2023;03;-0.02;neutral;26.79;33.67;22.47;13.4;3;7.4;0.552;31;31
A607;CAMPOS DOS GOYTACAZES;-21,71472222;-41,34388888;17;2023;04;0.27;neutral;24.41;29.97;21.08;136.8;10;32.4;0.237;30;30
A607;CAMPOS DOS GOYTACAZES;-21,71472222;-41,34388888;17;2023;05;0.57;EN_weakmod;22.08;27.62;18.3;30;9;10.4;0.347;31;31
A607;CAMPOS DOS GOYTACAZES;-21,71472222;-41,34388888;17;2023;06;0.84;EN_weakmod;21.56;28.26;17.08;6.2;2;2.6;0.419;30;30
A607;CAMPOS DOS GOYTACAZES;-21,71472222;-41,34388888;17;2023;07;1.12;EN_weakmod;20.82;26.56;17.07;36.8;6;14.6;0.397;31;31
A607;CAMPOS DOS GOYTACAZES;-21,71472222;-41,34388888;17;2023;08;1.37;EN_weakmod;22.11;27.76;18.15;145.8;10;37.2;0.255;31;31
A607;CAMPOS DOS GOYTACAZES;-21,71472222;-41,34388888;17;2023;09;1.6;EN_strong;23.54;29.51;19.71;28.2;1;25.8;0.915;30;30
A607;CAMPOS DOS GOYTACAZES;-21,71472222;-41,34388888;17;2023;10;1.83;EN_strong;24.19;29.16;21.43;61.6;12;17.2;0.279;31;31
A607;CAMPOS DOS GOYTACAZES;-21,71472222;-41,34388888;17;2023;11;1.99;EN_strong;25.96;32.57;21.95;21.2;4;12.4;0.585;30;30
A607;CAMPOS DOS GOYTACAZES;-21,71472222;-41,34388888;17;2023;12;2.06;EN_strong;26.67;32.99;22.6;67.6;7;18;0.266;30;30
A607;CAMPOS DOS GOYTACAZES;-21,71472222;-41,34388888;17;2024;01;1.92;EN_strong;26.5;32.1;23.04;155.2;9;46.6;0.3;31;31
A607;CAMPOS DOS GOYTACAZES;-21,71472222;-41,34388888;17;2024;02;1.62;EN_strong;27.02;33.53;23.39;110.8;11;40;0.361;29;29
A607;CAMPOS DOS GOYTACAZES;-21,71472222;-41,34388888;17;2024;03;1.26;EN_weakmod;26.56;32.25;23.24;257.4;14;148.8;0.578;31;31
A607;CAMPOS DOS GOYTACAZES;-21,71472222;-41,34388888;17;2024;04;0.82;EN_weakmod;25.35;31.1;21.45;15.2;5;5.6;0.368;30;30
A607;CAMPOS DOS GOYTACAZES;-21,71472222;-41,34388888;17;2024;05;0.49;neutral;24.76;31.06;20.68;2;0;0.4;0.2;31;31
A607;CAMPOS DOS GOYTACAZES;-21,71472222;-41,34388888;17;2024;06;0.22;neutral;22.92;29.95;18.28;58.2;1;55.8;0.959;30;30
A607;CAMPOS DOS GOYTACAZES;-21,71472222;-41,34388888;17;2024;07;0.08;neutral;22.01;28.93;17.28;22.2;2;15.2;0.685;31;31
A607;CAMPOS DOS GOYTACAZES;-21,71472222;-41,34388888;17;2024;08;-0.07;neutral;21.68;28.73;16.9;23.4;4;10;0.427;31;31
A607;CAMPOS DOS GOYTACAZES;-21,71472222;-41,34388888;17;2024;09;-0.17;neutral;24.37;30.9;20.41;0.6;0;0.4;0.667;30;30
A607;CAMPOS DOS GOYTACAZES;-21,71472222;-41,34388888;17;2024;10;-0.21;neutral;24.09;29.21;20.91;85.2;14;18;0.211;31;31
A607;CAMPOS DOS GOYTACAZES;-21,71472222;-41,34388888;17;2024;11;-0.3;neutral;24.72;30.02;21.33;129.6;10;61;0.471;30;30
A607;CAMPOS DOS GOYTACAZES;-21,71472222;-41,34388888;17;2024;12;-0.42;neutral;26.06;31.58;22.8;251.2;14;64.8;0.258;31;31
A607;CAMPOS DOS GOYTACAZES;-21,71472222;-41,34388888;17;2025;01;-0.45;neutral;26.49;32.25;22.94;140.2;10;51.6;0.368;31;31
A607;CAMPOS DOS GOYTACAZES;-21,71472222;-41,34388888;17;2025;02;-0.24;neutral;27.7;34.35;23.24;2;1;2;1;28;28
A607;CAMPOS DOS GOYTACAZES;-21,71472222;-41,34388888;17;2025;03;-0.06;neutral;26.59;32.3;23.12;155.2;15;41.2;0.265;31;31
A607;CAMPOS DOS GOYTACAZES;-21,71472222;-41,34388888;17;2025;04;0.02;neutral;24.37;29.37;21.3;112;10;34.6;0.309;30;30
A607;CAMPOS DOS GOYTACAZES;-21,71472222;-41,34388888;17;2025;05;-0.02;neutral;22.68;28.07;19.12;45;7;18.2;0.404;31;31
A607;CAMPOS DOS GOYTACAZES;-21,71472222;-41,34388888;17;2025;06;-0.04;neutral;21.55;27.81;17.5;5.2;3;1.6;0.308;30;30
A607;CAMPOS DOS GOYTACAZES;-21,71472222;-41,34388888;17;2025;07;-0.14;neutral;20.1;26.13;15.85;48.8;5;27;0.553;31;31
A607;CAMPOS DOS GOYTACAZES;-21,71472222;-41,34388888;17;2025;08;-0.28;neutral;21.01;27.15;16.85;32.4;2;25;0.772;31;31
A607;CAMPOS DOS GOYTACAZES;-21,71472222;-41,34388888;17;2025;09;-0.4;neutral;21.91;27.28;18.39;68.2;6;48.6;0.713;30;30
A607;CAMPOS DOS GOYTACAZES;-21,71472222;-41,34388888;17;2025;10;-0.51;LN;22.75;28.23;19.13;89.2;8;35.4;0.397;31;31
A607;CAMPOS DOS GOYTACAZES;-21,71472222;-41,34388888;17;2025;11;-0.55;LN;23.97;29.98;19.85;73.4;9;25;0.341;30;30
A607;CAMPOS DOS GOYTACAZES;-21,71472222;-41,34388888;17;2025;12;-0.54;LN;25.93;32.48;22.03;111.8;10;45.4;0.406;31;31
A612;VITORIA;-20,27083332;-40,30583333;9;2006;10;0.77;EN_weakmod;NaN;NaN;NaN;NaN;NaN;NaN;;0;0
A612;VITORIA;-20,27083332;-40,30583333;9;2006;11;0.94;EN_weakmod;NaN;NaN;NaN;NaN;NaN;NaN;;30;30
A612;VITORIA;-20,27083332;-40,30583333;9;2006;12;0.94;EN_weakmod;NaN;NaN;NaN;NaN;NaN;NaN;;29;29
A612;VITORIA;-20,27083332;-40,30583333;9;2007;01;0.66;EN_weakmod;26.35;30.95;23.52;203.2;10;47.4;0.233;31;31
A612;VITORIA;-20,27083332;-40,30583333;9;2007;02;0.22;neutral;25.77;30.56;22.28;96.8;13;28.8;0.298;28;28
A612;VITORIA;-20,27083332;-40,30583333;9;2007;03;-0.12;neutral;26.65;32.24;22.21;32.2;5;16;0.497;31;31
A612;VITORIA;-20,27083332;-40,30583333;9;2007;04;-0.32;neutral;25.35;30.43;21.63;123.4;12;28.6;0.232;30;30
A612;VITORIA;-20,27083332;-40,30583333;9;2007;05;-0.38;neutral;22.88;28.18;18.75;20.8;3;10;0.481;31;31
A612;VITORIA;-20,27083332;-40,30583333;9;2007;06;-0.47;neutral;21.98;28.2;17.13;22.6;4;16.8;0.743;30;30
A612;VITORIA;-20,27083332;-40,30583333;9;2007;07;-0.56;LN;22.39;27.39;18.43;2.4;1;1.2;0.5;31;31
A612;VITORIA;-20,27083332;-40,30583333;9;2007;08;-0.81;LN;21.66;27.12;17.71;40.8;10;7.6;0.186;31;31
A612;VITORIA;-20,27083332;-40,30583333;9;2007;09;-1.07;LN;22.08;27.08;18.27;65.4;11;20.2;0.309;30;30
A612;VITORIA;-20,27083332;-40,30583333;9;2007;10;-1.34;LN;24.19;29.04;20.55;20.6;2;15.4;0.748;31;31
A612;VITORIA;-20,27083332;-40,30583333;9;2007;11;-1.5;LN;25.19;30.09;22.03;121;7;54;0.446;30;30
A612;VITORIA;-20,27083332;-40,30583333;9;2007;12;-1.6;LN;26.02;30.99;22.59;59.8;12;13.4;0.224;31;31
A612;VITORIA;-20,27083332;-40,30583333;9;2008;01;-1.64;LN;25.35;29.9;21.94;192.4;13;99.2;0.516;31;31
A612;VITORIA;-20,27083332;-40,30583333;9;2008;02;-1.52;LN;26.2;31.64;22.53;157.6;11;58.4;0.371;29;29
A612;VITORIA;-20,27083332;-40,30583333;9;2008;03;-1.29;LN;25.94;31.27;22.41;57.8;10;16.4;0.284;28;27
A612;VITORIA;-20,27083332;-40,30583333;9;2008;04;-1.01;LN;26.08;31.39;22.35;50;6;25;0.5;30;30
A612;VITORIA;-20,27083332;-40,30583333;9;2008;05;-0.84;LN;22.68;28.01;18.56;41.2;3;28;0.68;31;31
A612;VITORIA;-20,27083332;-40,30583333;9;2008;06;-0.61;LN;21.78;27.43;17.83;47.6;5;36.8;0.773;30;30
A612;VITORIA;-20,27083332;-40,30583333;9;2008;07;-0.37;neutral;20.95;26.95;16.3;21;4;7.2;0.343;31;31
A612;VITORIA;-20,27083332;-40,30583333;9;2008;08;-0.23;neutral;22.63;28;18.3;30.6;5;14.2;0.464;31;31
A612;VITORIA;-20,27083332;-40,30583333;9;2008;09;-0.24;neutral;22.35;27.39;18.64;35.6;7;7.6;0.213;30;30
A612;VITORIA;-20,27083332;-40,30583333;9;2008;10;-0.35;neutral;24.54;29.51;21.28;116.2;9;41.2;0.355;31;31
A612;VITORIA;-20,27083332;-40,30583333;9;2008;11;-0.55;LN;23.85;27.74;21.29;624.2;18;103;0.165;30;30
A612;VITORIA;-20,27083332;-40,30583333;9;2008;12;-0.73;LN;24.95;29.26;21.97;134;13;26;0.194;31;31
A612;VITORIA;-20,27083332;-40,30583333;9;2009;01;-0.85;LN;26.08;30.85;22.9;279.6;14;64.4;0.23;31;31
A612;VITORIA;-20,27083332;-40,30583333;9;2009;02;-0.79;LN;27.13;32.28;23.12;61.2;7;17.8;0.291;28;28
A612;VITORIA;-20,27083332;-40,30583333;9;2009;03;-0.61;LN;26.73;32.04;22.98;240;13;34;0.142;31;31
A612;VITORIA;-20,27083332;-40,30583333;9;2009;04;-0.33;neutral;24.78;29.7;21.5;223.6;12;80;0.358;30;30
A612;VITORIA;-20,27083332;-40,30583333;9;2009;05;0.01;neutral;23.01;28.3;19.2;56;7;25.2;0.45;31;31
A612;VITORIA;-20,27083332;-40,30583333;9;2009;06;0.28;neutral;21.46;26.43;17.72;54;5;33.4;0.619;30;30
A612;VITORIA;-20,27083332;-40,30583333;9;2009;07;0.45;neutral;22.3;27.86;18.08;52.8;6;25.2;0.477;31;31
A612;VITORIA;-20,27083332;-40,30583333;9;2009;08;0.58;EN_weakmod;22.12;26.91;18.56;92.2;9;34.8;0.377;31;31
A612;VITORIA;-20,27083332;-40,30583333;9;2009;09;0.71;EN_weakmod;24.28;29.51;20.98;22;5;10.2;0.464;30;30
A612;VITORIA;-20,27083332;-40,30583333;9;2009;10;1.01;EN_weakmod;24.48;28.74;21.5;539.6;7;137;0.254;31;29
A612;VITORIA;-20,27083332;-40,30583333;9;2009;11;1.36;EN_weakmod;26.48;31.96;22.54;115.8;5;73.6;0.636;30;30
A612;VITORIA;-20,27083332;-40,30583333;9;2009;12;1.56;EN_strong;26.87;32.44;23.25;168.2;8;89.6;0.533;31;31
A612;VITORIA;-20,27083332;-40,30583333;9;2010;01;1.5;EN_strong;28;33.68;23.43;1;0;0.6;0.6;31;31
A612;VITORIA;-20,27083332;-40,30583333;9;2010;02;1.22;EN_weakmod;27.83;33.62;23.49;37;7;12.4;0.335;28;28
A612;VITORIA;-20,27083332;-40,30583333;9;2010;03;0.84;EN_weakmod;26.94;32.05;23.53;357.4;14;124.2;0.348;31;31
A612;VITORIA;-20,27083332;-40,30583333;9;2010;04;0.35;neutral;25.04;30;21.45;164;11;58.8;0.359;30;30
A612;VITORIA;-20,27083332;-40,30583333;9;2010;05;-0.17;neutral;23.26;28.58;19.44;124.8;6;52.4;0.42;31;31
A612;VITORIA;-20,27083332;-40,30583333;9;2010;06;-0.66;LN;20.65;26.25;16.61;52;6;13.8;0.265;30;30
A612;VITORIA;-20,27083332;-40,30583333;9;2010;07;-1.05;LN;21.49;26.56;18.09;117.8;15;33.4;0.284;31;31
A612;VITORIA;-20,27083332;-40,30583333;9;2010;08;-1.35;LN;20.96;26.98;16.31;14.4;2;12;0.833;31;31
A612;VITORIA;-20,27083332;-40,30583333;9;2010;09;-1.56;LN;22.77;28.11;18.66;28.4;5;12.4;0.437;30;30
A612;VITORIA;-20,27083332;-40,30583333;9;2010;10;-1.64;LN;23.53;27.95;20.66;52.8;6;17.6;0.333;31;31
A612;VITORIA;-20,27083332;-40,30583333;9;2010;11;-1.64;LN;24.44;29.08;21.36;268;15;69;0.257;30;30
A612;VITORIA;-20,27083332;-40,30583333;9;2010;12;-1.54;LN;26.54;32.09;22.94;212.2;8;112.2;0.529;31;31
A612;VITORIA;-20,27083332;-40,30583333;9;2011;01;-1.31;LN;26.69;32.19;22.77;48.2;9;13.6;0.282;31;31
A612;VITORIA;-20,27083332;-40,30583333;9;2011;02;-1.04;LN;26.88;32.51;22.51;72.6;7;23.2;0.32;28;28
A612;VITORIA;-20,27083332;-40,30583333;9;2011;03;-0.8;LN;25.35;30.31;22.47;303.6;18;61.4;0.202;31;31
A612;VITORIA;-20,27083332;-40,30583333;9;2011;04;-0.62;LN;24.73;29.58;21.41;419.4;15;105.8;0.252;30;30
A612;VITORIA;-20,27083332;-40,30583333;9;2011;05;-0.46;neutral;22.46;27.86;18.58;38.8;4;22.4;0.577;31;31
A612;VITORIA;-20,27083332;-40,30583333;9;2011;06;-0.37;neutral;21.53;26.67;17.79;53.4;5;22.4;0.419;30;30
A612;VITORIA;-20,27083332;-40,30583333;9;2011;07;-0.43;neutral;21.1;26.97;16.74;36.6;4;26.6;0.727;31;31
A612;VITORIA;-20,27083332;-40,30583333;9;2011;08;-0.58;LN;22.34;28.24;18.06;20.6;4;8.4;0.408;31;31
A612;VITORIA;-20,27083332;-40,30583333;9;2011;09;-0.79;LN;21.75;26.94;17.81;42.4;4;34.4;0.811;30;30
A612;VITORIA;-20,27083332;-40,30583333;9;2011;10;-0.96;LN;23.2;27.61;20.28;167.4;15;26.4;0.158;31;31
A612;VITORIA;-20,27083332;-40,30583333;9;2011;11;-1.02;LN;22.96;27.25;19.88;264.8;13;98;0.37;30;30
A612;VITORIA;-20,27083332;-40,30583333;9;2011;12;-0.92;LN;24.87;29.2;22.16;264.2;14;101.2;0.383;31;31
A612;VITORIA;-20,27083332;-40,30583333;9;2012;01;-0.72;LN;25.41;30.24;22.03;414.4;13;110.2;0.266;31;31
A612;VITORIA;-20,27083332;-40,30583333;9;2012;02;-0.57;LN;25.92;31.39;21.83;86.2;9;23.6;0.274;29;29
A612;VITORIA;-20,27083332;-40,30583333;9;2012;03;-0.46;neutral;26.09;31.56;22.16;33;8;9.4;0.285;31;31
A612;VITORIA;-20,27083332;-40,30583333;9;2012;04;-0.36;neutral;25.31;30.73;21.59;22.2;6;9.6;0.432;30;30
A612;VITORIA;-20,27083332;-40,30583333;9;2012;05;-0.17;neutral;22.3;27.14;19.06;328;14;200.6;0.612;31;31
A612;VITORIA;-20,27083332;-40,30583333;9;2012;06;0.06;neutral;22.89;27.97;19.24;101;6;54;0.535;30;30
A612;VITORIA;-20,27083332;-40,30583333;9;2012;07;0.3;neutral;21.76;27.88;17.15;53.8;5;19.2;0.357;31;31
A612;VITORIA;-20,27083332;-40,30583333;9;2012;08;0.41;neutral;21.38;26.07;17.9;280;20;64.6;0.231;31;31
A612;VITORIA;-20,27083332;-40,30583333;9;2012;09;0.41;neutral;22.66;27.71;18.83;36.4;5;21.6;0.593;30;30
A612;VITORIA;-20,27083332;-40,30583333;9;2012;10;0.31;neutral;24.04;29.61;20.16;46.6;8;24.4;0.524;31;31
A612;VITORIA;-20,27083332;-40,30583333;9;2012;11;0.13;neutral;24.22;28.7;21.33;433.4;21;182.4;0.421;30;30
A612;VITORIA;-20,27083332;-40,30583333;9;2012;12;-0.1;neutral;27.23;32.73;23.15;27;3;17.2;0.637;31;31
A612;VITORIA;-20,27083332;-40,30583333;9;2013;01;-0.29;neutral;26.38;31.89;22.76;229;13;132.6;0.579;31;31
A612;VITORIA;-20,27083332;-40,30583333;9;2013;02;-0.29;neutral;26.79;32.51;22.44;21.6;5;8.4;0.389;28;28
A612;VITORIA;-20,27083332;-40,30583333;9;2013;03;-0.21;neutral;26.13;31.77;22.59;448.8;11;260.6;0.581;30;30
A612;VITORIA;-20,27083332;-40,30583333;9;2013;04;-0.19;neutral;24.06;28.71;20.63;78.8;12;25;0.317;30;30
A612;VITORIA;-20,27083332;-40,30583333;9;2013;05;-0.27;neutral;22.79;28.45;19.02;58.4;5;18;0.308;31;31
A612;VITORIA;-20,27083332;-40,30583333;9;2013;06;-0.34;neutral;22.5;28.14;18.39;43.8;4;24.8;0.566;30;30
A612;VITORIA;-20,27083332;-40,30583333;9;2013;07;-0.35;neutral;21.81;27.05;17.94;70.8;8;25;0.353;31;31
A612;VITORIA;-20,27083332;-40,30583333;9;2013;08;-0.28;neutral;21.69;27.81;17.13;95;7;36.6;0.385;31;31
A612;VITORIA;-20,27083332;-40,30583333;9;2013;09;-0.21;neutral;22.73;27.87;18.99;23.8;7;5.2;0.218;30;30
A612;VITORIA;-20,27083332;-40,30583333;9;2013;10;-0.13;neutral;23.4;28.32;19.99;81.2;11;23.4;0.288;31;31
A612;VITORIA;-20,27083332;-40,30583333;9;2013;11;-0.1;neutral;24.28;29.03;20.91;308.6;16;149.2;0.483;30;30
A612;VITORIA;-20,27083332;-40,30583333;9;2013;12;-0.15;neutral;25.32;29.88;22.65;746.4;20;132;0.177;31;31
A612;VITORIA;-20,27083332;-40,30583333;9;2014;01;-0.28;neutral;26.47;32.02;22.27;62;4;35;0.565;31;31
A612;VITORIA;-20,27083332;-40,30583333;9;2014;02;-0.32;neutral;26.53;32.68;22.04;50.8;8;21.2;0.417;28;28
A612;VITORIA;-20,27083332;-40,30583333;9;2014;03;-0.14;neutral;26.42;32.04;22.5;95.4;11;31.4;0.329;31;31
A612;VITORIA;-20,27083332;-40,30583333;9;2014;04;0.15;neutral;25.33;30.72;21.58;143.2;8;43;0.3;30;30
A612;VITORIA;-20,27083332;-40,30583333;9;2014;05;0.31;neutral;23.17;28.79;18.91;9.6;4;3.2;0.333;28;24
A612;VITORIA;-20,27083332;-40,30583333;9;2014;06;0.23;neutral;22.28;27.77;18.44;27.8;4;18.2;0.655;29;24
A612;VITORIA;-20,27083332;-40,30583333;9;2014;07;0.1;neutral;21.27;26.19;17.89;99.4;15;14.4;0.145;30;30
A612;VITORIA;-20,27083332;-40,30583333;9;2014;08;0.11;neutral;21.62;27.68;17.04;83.2;7;27.4;0.329;31;31
A612;VITORIA;-20,27083332;-40,30583333;9;2014;09;0.28;neutral;23.28;29.14;18.87;31.6;7;11.8;0.373;30;30
A612;VITORIA;-20,27083332;-40,30583333;9;2014;10;0.54;EN_weakmod;23.24;28.93;19.25;324.4;12;140.6;0.433;31;31
A612;VITORIA;-20,27083332;-40,30583333;9;2014;11;0.71;EN_weakmod;25.07;29.96;21.66;58.8;5;25.2;0.429;30;30
A612;VITORIA;-20,27083332;-40,30583333;9;2014;12;0.77;EN_weakmod;26.21;31.83;22.05;113.2;4;53.2;0.47;31;31
A612;VITORIA;-20,27083332;-40,30583333;9;2015;01;0.69;EN_weakmod;27.45;33.86;22.58;0;0;0;;31;31
A612;VITORIA;-20,27083332;-40,30583333;9;2015;02;0.61;EN_weakmod;27.16;33.29;22.9;52.4;6;27.2;0.519;28;28
A612;VITORIA;-20,27083332;-40,30583333;9;2015;03;0.65;EN_weakmod;26.8;32.72;22.63;69.2;5;44.8;0.647;31;31
A612;VITORIA;-20,27083332;-40,30583333;9;2015;04;0.81;EN_weakmod;25.11;30.65;21.05;44.2;6;20.8;0.471;30;30
A612;VITORIA;-20,27083332;-40,30583333;9;2015;05;1.02;EN_weakmod;22.67;27.71;19.26;186.8;16;37.6;0.201;23;23
A612;VITORIA;-20,27083332;-40,30583333;9;2015;06;1.25;EN_weakmod;NaN;NaN;NaN;NaN;NaN;NaN;;12;12
A612;VITORIA;-20,27083332;-40,30583333;9;2015;07;1.57;EN_strong;22.26;28.1;18.13;19.2;5;5.8;0.302;31;31
A612;VITORIA;-20,27083332;-40,30583333;9;2015;08;1.91;EN_strong;22.05;28.25;17.6;70.8;10;18.2;0.257;31;31
A612;VITORIA;-20,27083332;-40,30583333;9;2015;09;2.21;EN_strong;24.63;30.63;20.66;25.6;5;6.8;0.266;30;30
A612;VITORIA;-20,27083332;-40,30583333;9;2015;10;2.47;EN_strong;25.24;30.82;21.76;55.8;4;35;0.627;31;31
A612;VITORIA;-20,27083332;-40,30583333;9;2015;11;2.64;EN_strong;26.75;32.42;23.28;49;7;15.8;0.322;30;30
A612;VITORIA;-20,27083332;-40,30583333;9;2015;12;2.75;EN_strong;27.53;32.61;24.03;91.4;5;45.4;0.497;31;31
A612;VITORIA;-20,27083332;-40,30583333;9;2016;01;2.63;EN_strong;26.73;31.12;23.94;221.2;15;47.8;0.216;31;31
A612;VITORIA;-20,27083332;-40,30583333;9;2016;02;2.28;EN_strong;28.17;33.76;23.88;12;2;9.8;0.817;29;29
A612;VITORIA;-20,27083332;-40,30583333;9;2016;03;1.71;EN_strong;27.39;32.13;23.68;90;8;29.2;0.324;31;31
A612;VITORIA;-20,27083332;-40,30583333;9;2016;04;1.05;EN_weakmod;26.52;31.38;22.68;29.4;6;14.4;0.49;30;30
A612;VITORIA;-20,27083332;-40,30583333;9;2016;05;0.49;neutral;24.01;29.04;20.25;24.2;4;14;0.579;31;31
A612;VITORIA;-20,27083332;-40,30583333;9;2016;06;0;neutral;21.59;25.78;18.65;89.8;8;44.4;0.494;30;30
A612;VITORIA;-20,27083332;-40,30583333;9;2016;07;-0.31;neutral;21.89;26.66;18.3;100.4;7;48.6;0.484;31;31
A612;VITORIA;-20,27083332;-40,30583333;9;2016;08;-0.5;LN;22.66;27.67;18.94;29.4;2;17.4;0.592;31;31
A612;VITORIA;-20,27083332;-40,30583333;9;2016;09;-0.58;LN;23.71;28.2;20.5;26.8;6;10.6;0.396;30;30
A612;VITORIA;-20,27083332;-40,30583333;9;2016;10;-0.64;LN;23.82;27.44;21.14;101.4;11;26.8;0.264;31;31
A612;VITORIA;-20,27083332;-40,30583333;9;2016;11;-0.6;LN;24.61;28.58;21.68;199.6;12;45.4;0.227;30;30
A612;VITORIA;-20,27083332;-40,30583333;9;2016;12;-0.45;neutral;26.26;30.92;23.04;96.2;12;27.8;0.289;31;31
A612;VITORIA;-20,27083332;-40,30583333;9;2017;01;-0.19;neutral;27.55;32.69;23.6;58.8;4;37.2;0.633;31;31
A612;VITORIA;-20,27083332;-40,30583333;9;2017;02;-0.02;neutral;26.68;31.74;22.86;80.6;11;15.4;0.191;27;26
A612;VITORIA;-20,27083332;-40,30583333;9;2017;03;0.18;neutral;26.44;32.21;22.06;41.2;7;11.8;0.286;31;31
A612;VITORIA;-20,27083332;-40,30583333;9;2017;04;0.31;neutral;24.84;29.86;21.02;43.6;9;12.8;0.294;30;30
A612;VITORIA;-20,27083332;-40,30583333;9;2017;05;0.4;neutral;22.63;27.72;19.09;168.8;9;74;0.438;31;31
A612;VITORIA;-20,27083332;-40,30583333;9;2017;06;0.39;neutral;22.76;28.49;18.85;128;9;55;0.43;30;30
A612;VITORIA;-20,27083332;-40,30583333;9;2017;07;0.19;neutral;20.18;25.45;16.64;199.2;23;39.6;0.199;31;31
A612;VITORIA;-20,27083332;-40,30583333;9;2017;08;-0.07;neutral;20.78;26.19;16.63;25.6;5;14;0.547;31;31
A612;VITORIA;-20,27083332;-40,30583333;9;2017;09;-0.34;neutral;21.86;26.82;17.95;65.6;13;16;0.244;30;29
A612;VITORIA;-20,27083332;-40,30583333;9;2017;10;-0.6;LN;24.63;29.82;21.23;62;6;21.6;0.348;31;31
A612;VITORIA;-20,27083332;-40,30583333;9;2017;11;-0.77;LN;24.1;28.91;21.02;127.6;15;44.8;0.351;30;30
A612;VITORIA;-20,27083332;-40,30583333;9;2017;12;-0.86;LN;25.53;30.42;22.24;223.2;9;92.8;0.416;30;30
A612;VITORIA;-20,27083332;-40,30583333;9;2018;01;-0.77;LN;26.88;32.64;22.55;84.4;7;26;0.308;31;31
A612;VITORIA;-20,27083332;-40,30583333;9;2018;02;-0.71;LN;25.9;31.03;22.53;179;13;47.4;0.265;28;28
A612;VITORIA;-20,27083332;-40,30583333;9;2018;03;-0.57;LN;26.55;31.83;23.12;82.2;10;24.6;0.299;31;31
A612;VITORIA;-20,27083332;-40,30583333;9;2018;04;-0.39;neutral;24.26;29.34;20.91;354.4;17;130;0.367;30;30
A612;VITORIA;-20,27083332;-40,30583333;9;2018;05;-0.13;neutral;22.66;27.98;19.22;183.4;11;47;0.256;31;31
A612;VITORIA;-20,27083332;-40,30583333;9;2018;06;0.06;neutral;22.51;27.88;18.66;119.2;6;78.4;0.658;30;30
A612;VITORIA;-20,27083332;-40,30583333;9;2018;07;0.14;neutral;21.81;28.43;17.21;16;2;11.8;0.738;31;31
A612;VITORIA;-20,27083332;-40,30583333;9;2018;08;0.27;neutral;21.97;26.75;18.54;81;8;28.2;0.348;31;31
A612;VITORIA;-20,27083332;-40,30583333;9;2018;09;0.53;EN_weakmod;23.49;28.38;20.03;23.6;7;6.8;0.288;30;30
A612;VITORIA;-20,27083332;-40,30583333;9;2018;10;0.81;EN_weakmod;24.24;28.73;21.17;178.2;13;71.4;0.401;31;31
A612;VITORIA;-20,27083332;-40,30583333;9;2018;11;0.97;EN_weakmod;24.73;29.26;21.52;274.2;11;90;0.328;30;30
A612;VITORIA;-20,27083332;-40,30583333;9;2018;12;0.92;EN_weakmod;25.95;31.14;22.19;221.2;10;67.6;0.306;31;31
A612;VITORIA;-20,27083332;-40,30583333;9;2019;01;0.89;EN_weakmod;27.65;33.72;22.72;2.8;1;2.6;0.929;31;31
A612;VITORIA;-20,27083332;-40,30583333;9;2019;02;0.86;EN_weakmod;27.9;34.29;23.31;130;8;49;0.377;28;28
A612;VITORIA;-20,27083332;-40,30583333;9;2019;03;0.84;EN_weakmod;27.28;32.76;23.2;80;10;21.4;0.267;31;31
A612;VITORIA;-20,27083332;-40,30583333;9;2019;04;0.77;EN_weakmod;26.58;32.03;22.58;26.8;4;10.6;0.396;28;25
A612;VITORIA;-20,27083332;-40,30583333;9;2019;05;0.64;EN_weakmod;24.66;29.86;21.04;241.4;4;197.8;0.819;31;31
A612;VITORIA;-20,27083332;-40,30583333;9;2019;06;0.52;EN_weakmod;22.94;28.74;19.27;33.8;7;8.2;0.243;30;30
A612;VITORIA;-20,27083332;-40,30583333;9;2019;07;0.33;neutral;21.21;27.46;16.78;54.4;8;10.4;0.191;31;31
A612;VITORIA;-20,27083332;-40,30583333;9;2019;08;0.19;neutral;21.39;26.82;17.42;56.8;8;19.8;0.349;31;31
A612;VITORIA;-20,27083332;-40,30583333;9;2019;09;0.23;neutral;23.53;28.7;19.97;103.6;9;43.8;0.423;30;30
A612;VITORIA;-20,27083332;-40,30583333;9;2019;10;0.39;neutral;24.6;29.67;20.69;57.2;7;29.2;0.51;31;31
A612;VITORIA;-20,27083332;-40,30583333;9;2019;11;0.58;EN_weakmod;24.77;29.49;21.74;552.2;14;206.8;0.375;30;30
A612;VITORIA;-20,27083332;-40,30583333;9;2019;12;0.66;EN_weakmod;25.89;30.78;22.26;181.2;13;40.2;0.222;31;31
A612;VITORIA;-20,27083332;-40,30583333;9;2020;01;0.64;EN_weakmod;NaN;NaN;NaN;NaN;NaN;NaN;;31;31
A612;VITORIA;-20,27083332;-40,30583333;9;2020;02;0.63;EN_weakmod;NaN;NaN;NaN;NaN;NaN;NaN;;28;25
A612;VITORIA;-20,27083332;-40,30583333;9;2020;03;0.53;EN_weakmod;NaN;NaN;NaN;NaN;NaN;NaN;;31;26
A612;VITORIA;-20,27083332;-40,30583333;9;2020;04;0.3;neutral;NaN;NaN;NaN;NaN;NaN;NaN;;28;20
A612;VITORIA;-20,27083332;-40,30583333;9;2020;05;0.01;neutral;NaN;NaN;NaN;NaN;NaN;NaN;;14;3
A612;VITORIA;-20,27083332;-40,30583333;9;2020;06;-0.23;neutral;NaN;NaN;NaN;NaN;NaN;NaN;;0;0
A612;VITORIA;-20,27083332;-40,30583333;9;2020;07;-0.36;neutral;NaN;NaN;NaN;NaN;NaN;NaN;;0;0
A612;VITORIA;-20,27083332;-40,30583333;9;2020;08;-0.53;LN;NaN;NaN;NaN;NaN;NaN;NaN;;3;3
A612;VITORIA;-20,27083332;-40,30583333;9;2020;09;-0.85;LN;NaN;NaN;NaN;NaN;NaN;NaN;;27;24
A612;VITORIA;-20,27083332;-40,30583333;9;2020;10;-1.12;LN;NaN;NaN;NaN;NaN;NaN;NaN;;27;14
A612;VITORIA;-20,27083332;-40,30583333;9;2020;11;-1.2;LN;NaN;NaN;NaN;NaN;NaN;NaN;;25;11
A612;VITORIA;-20,27083332;-40,30583333;9;2020;12;-1.08;LN;NaN;NaN;NaN;NaN;NaN;NaN;;31;23
A612;VITORIA;-20,27083332;-40,30583333;9;2021;01;-0.91;LN;26.42;32.62;21.94;13.6;4;8.2;0.603;31;28
A612;VITORIA;-20,27083332;-40,30583333;9;2021;02;-0.79;LN;25.85;30.98;22.26;108.4;8;33.8;0.312;27;23
A612;VITORIA;-20,27083332;-40,30583333;9;2021;03;-0.71;LN;25.99;31.98;21.5;234.4;8;79;0.337;31;29
A612;VITORIA;-20,27083332;-40,30583333;9;2021;04;-0.55;LN;24.12;29.56;20.26;61.8;9;10.6;0.172;29;23
A612;VITORIA;-20,27083332;-40,30583333;9;2021;05;-0.39;neutral;22.98;29.4;19.11;NaN;NaN;NaN;;28;17
A612;VITORIA;-20,27083332;-40,30583333;9;2021;06;-0.3;neutral;21.6;26.91;18;74.4;8;27.8;0.374;30;28
A612;VITORIA;-20,27083332;-40,30583333;9;2021;07;-0.35;neutral;20.84;26.56;16.44;14.8;2;11.6;0.784;31;29
A612;VITORIA;-20,27083332;-40,30583333;9;2021;08;-0.45;neutral;21.61;27.05;17.51;80.6;10;34.2;0.424;31;31
A612;VITORIA;-20,27083332;-40,30583333;9;2021;09;-0.63;LN;23.9;29.33;20.19;105.6;6;83;0.786;30;29
A612;VITORIA;-20,27083332;-40,30583333;9;2021;10;-0.76;LN;NaN;NaN;NaN;NaN;NaN;NaN;;16;15
A612;VITORIA;-20,27083332;-40,30583333;9;2021;11;-0.91;LN;23.38;27.92;20.06;283.8;15;67;0.236;30;30
A612;VITORIA;-20,27083332;-40,30583333;9;2021;12;-0.87;LN;24.94;29.95;21.56;120.4;14;30;0.249;31;31
A612;VITORIA;-20,27083332;-40,30583333;9;2022;01;-0.82;LN;26.62;32.12;22.7;71.6;5;24.6;0.344;31;31
A612;VITORIA;-20,27083332;-40,30583333;9;2022;02;-0.79;LN;26.19;31.71;22.45;128.2;13;50.8;0.396;28;28
A612;VITORIA;-20,27083332;-40,30583333;9;2022;03;-0.86;LN;26.67;33.03;21.9;51.8;4;31;0.598;31;31
A612;VITORIA;-20,27083332;-40,30583333;9;2022;04;-0.95;LN;25.75;31.42;21.52;15.6;3;10.8;0.692;28;28
A612;VITORIA;-20,27083332;-40,30583333;9;2022;05;-0.9;LN;NaN;NaN;NaN;NaN;NaN;NaN;;14;14
A612;VITORIA;-20,27083332;-40,30583333;9;2022;06;-0.78;LN;21.5;27.33;17.12;18.6;4;8.2;0.441;30;30
A612;VITORIA;-20,27083332;-40,30583333;9;2022;07;-0.76;LN;21.75;27.78;17.4;17.8;5;5.2;0.292;31;31
A612;VITORIA;-20,27083332;-40,30583333;9;2022;08;-0.87;LN;22;27.64;17.78;12.2;4;4.6;0.377;31;31
A612;VITORIA;-20,27083332;-40,30583333;9;2022;09;-0.97;LN;22.29;27.21;18.63;54.4;6;15;0.276;30;30
A612;VITORIA;-20,27083332;-40,30583333;9;2022;10;-0.94;LN;24.63;29.61;21.2;89.6;9;26.8;0.299;31;31
A612;VITORIA;-20,27083332;-40,30583333;9;2022;11;-0.85;LN;23.71;27.69;20.87;343.6;11;62.2;0.181;30;30
A612;VITORIA;-20,27083332;-40,30583333;9;2022;12;-0.71;LN;24.91;29.35;21.82;327.2;21;36.8;0.112;31;31
A612;VITORIA;-20,27083332;-40,30583333;9;2023;01;-0.54;LN;26.17;31.35;22.7;181.8;14;32.2;0.177;31;31
A612;VITORIA;-20,27083332;-40,30583333;9;2023;02;-0.29;neutral;27.46;33.72;23.04;25.4;4;14.6;0.575;28;28
A612;VITORIA;-20,27083332;-40,30583333;9;2023;03;-0.02;neutral;26.94;32.59;22.73;119.8;5;37.4;0.312;31;31
A612;VITORIA;-20,27083332;-40,30583333;9;2023;04;0.27;neutral;25.35;30.02;22.47;142.4;15;52;0.365;30;30
A612;VITORIA;-20,27083332;-40,30583333;9;2023;05;0.57;EN_weakmod;22.95;27.76;19.66;59.8;8;14.6;0.244;31;31
A612;VITORIA;-20,27083332;-40,30583333;9;2023;06;0.84;EN_weakmod;22.22;28.31;17.93;11.2;3;5.8;0.518;30;30
A612;VITORIA;-20,27083332;-40,30583333;9;2023;07;1.12;EN_weakmod;21.79;26.93;18.04;121.2;10;42.4;0.35;31;31
A612;VITORIA;-20,27083332;-40,30583333;9;2023;08;1.37;EN_weakmod;22.99;27.92;19.47;193.6;10;55.6;0.287;31;31
A612;VITORIA;-20,27083332;-40,30583333;9;2023;09;1.6;EN_strong;24.17;29.09;20.83;12.2;5;3.6;0.295;30;30
A612;VITORIA;-20,27083332;-40,30583333;9;2023;10;1.83;EN_strong;25.39;30.47;22.56;41;8;16;0.39;31;31
A612;VITORIA;-20,27083332;-40,30583333;9;2023;11;1.99;EN_strong;26.61;32.78;22.68;27.8;6;9.4;0.338;30;30
A612;VITORIA;-20,27083332;-40,30583333;9;2023;12;2.06;EN_strong;27.02;33.09;23.11;181;13;45.2;0.25;31;31
A612;VITORIA;-20,27083332;-40,30583333;9;2024;01;1.92;EN_strong;NaN;NaN;NaN;NaN;NaN;NaN;;31;31
A612;VITORIA;-20,27083332;-40,30583333;9;2024;02;1.62;EN_strong;NaN;NaN;NaN;NaN;NaN;NaN;;29;29
A612;VITORIA;-20,27083332;-40,30583333;9;2024;03;1.26;EN_weakmod;NaN;NaN;NaN;NaN;NaN;NaN;;6;3
A612;VITORIA;-20,27083332;-40,30583333;9;2024;04;0.82;EN_weakmod;NaN;NaN;NaN;NaN;NaN;NaN;;1;0
A612;VITORIA;-20,27083332;-40,30583333;9;2024;05;0.49;neutral;NaN;NaN;NaN;NaN;NaN;NaN;;0;0
A612;VITORIA;-20,27083332;-40,30583333;9;2024;06;0.22;neutral;NaN;NaN;NaN;NaN;NaN;NaN;;0;0
A612;VITORIA;-20,27083332;-40,30583333;9;2024;07;0.08;neutral;NaN;NaN;NaN;NaN;NaN;NaN;;0;0
A612;VITORIA;-20,27083332;-40,30583333;9;2024;08;-0.07;neutral;NaN;NaN;NaN;NaN;NaN;NaN;;12;11
A612;VITORIA;-20,27083332;-40,30583333;9;2024;09;-0.17;neutral;NaN;NaN;NaN;NaN;NaN;NaN;;29;26
A612;VITORIA;-20,27083332;-40,30583333;9;2024;10;-0.21;neutral;NaN;NaN;NaN;NaN;NaN;NaN;;31;31
A612;VITORIA;-20,27083332;-40,30583333;9;2024;11;-0.3;neutral;NaN;NaN;NaN;NaN;NaN;NaN;;30;30
A612;VITORIA;-20,27083332;-40,30583333;9;2024;12;-0.42;neutral;NaN;NaN;NaN;NaN;NaN;NaN;;31;31
A612;VITORIA;-20,27083332;-40,30583333;9;2025;01;-0.45;neutral;26.83;32.18;23.04;180.2;10;59.6;0.331;31;31
A612;VITORIA;-20,27083332;-40,30583333;9;2025;02;-0.24;neutral;27.73;33.81;23.02;35.2;7;9;0.256;28;28
A612;VITORIA;-20,27083332;-40,30583333;9;2025;03;-0.06;neutral;26.82;32.13;23.05;129;9;31;0.24;31;31
A612;VITORIA;-20,27083332;-40,30583333;9;2025;04;0.02;neutral;25.34;30.37;22.02;243.2;16;77.2;0.317;30;30
A612;VITORIA;-20,27083332;-40,30583333;9;2025;05;-0.02;neutral;23.16;28.08;20.05;217.4;19;57.2;0.263;31;31
A612;VITORIA;-20,27083332;-40,30583333;9;2025;06;-0.04;neutral;22.19;28.13;18.19;66.4;6;32.4;0.488;30;30
A612;VITORIA;-20,27083332;-40,30583333;9;2025;07;-0.14;neutral;21.37;26.33;17.48;33.8;5;20.6;0.609;31;28
A612;VITORIA;-20,27083332;-40,30583333;9;2025;08;-0.28;neutral;21.72;27.07;17.64;78;4;53.8;0.69;31;31
A612;VITORIA;-20,27083332;-40,30583333;9;2025;09;-0.4;neutral;22.2;27.37;18.43;146.2;13;66.6;0.456;30;30
A612;VITORIA;-20,27083332;-40,30583333;9;2025;10;-0.51;LN;23.25;28.08;19.95;196.4;14;54;0.275;31;31
A612;VITORIA;-20,27083332;-40,30583333;9;2025;11;-0.55;LN;24.52;29.64;20.62;50.4;6;27.2;0.54;30;30
A612;VITORIA;-20,27083332;-40,30583333;9;2025;12;-0.54;LN;26.69;32.4;22.8;79;6;42.8;0.542;31;31
A617;ALEGRE;-20,75055555;-41,48888888;138;2006;10;0.77;EN_weakmod;NaN;NaN;NaN;NaN;NaN;NaN;;6;6
A617;ALEGRE;-20,75055555;-41,48888888;138;2006;11;0.94;EN_weakmod;NaN;NaN;NaN;NaN;NaN;NaN;;30;30
A617;ALEGRE;-20,75055555;-41,48888888;138;2006;12;0.94;EN_weakmod;NaN;NaN;NaN;NaN;NaN;NaN;;30;28
A617;ALEGRE;-20,75055555;-41,48888888;138;2007;01;0.66;EN_weakmod;25.5;31.2;22.01;270.2;19;40.4;0.15;31;31
A617;ALEGRE;-20,75055555;-41,48888888;138;2007;02;0.22;neutral;25.46;32.03;20.81;97.8;10;26.2;0.268;28;28
A617;ALEGRE;-20,75055555;-41,48888888;138;2007;03;-0.12;neutral;26.65;34.57;20.81;6.8;1;4.2;0.618;31;31
A617;ALEGRE;-20,75055555;-41,48888888;138;2007;04;-0.32;neutral;24.84;31.3;20.6;93.6;11;31.8;0.34;30;30
A617;ALEGRE;-20,75055555;-41,48888888;138;2007;05;-0.38;neutral;21.31;28.23;16.46;23.6;7;5.8;0.246;31;31
A617;ALEGRE;-20,75055555;-41,48888888;138;2007;06;-0.47;neutral;20.99;29.11;15.1;4.8;2;2.2;0.458;30;30
A617;ALEGRE;-20,75055555;-41,48888888;138;2007;07;-0.56;LN;21.09;28.26;15.55;10;1;9.2;0.92;31;29
A617;ALEGRE;-20,75055555;-41,48888888;138;2007;08;-0.81;LN;21.7;29.21;15.6;6;2;3.8;0.633;31;31
A617;ALEGRE;-20,75055555;-41,48888888;138;2007;09;-1.07;LN;22.84;30.21;16.84;9;3;4.6;0.511;30;30
A617;ALEGRE;-20,75055555;-41,48888888;138;2007;10;-1.34;LN;25.31;32.62;20.21;84.2;4;24.4;0.29;31;31
A617;ALEGRE;-20,75055555;-41,48888888;138;2007;11;-1.5;LN;25.26;30.64;21.25;139;9;77.2;0.555;30;30
A617;ALEGRE;-20,75055555;-41,48888888;138;2007;12;-1.6;LN;25.91;32.52;21.44;249.8;15;61.2;0.245;31;31
A617;ALEGRE;-20,75055555;-41,48888888;138;2008;01;-1.64;LN;24.93;30.39;21.01;159;16;29.8;0.187;31;31
A617;ALEGRE;-20,75055555;-41,48888888;138;2008;02;-1.52;LN;25.68;32.3;21.33;211.4;10;49;0.232;29;29
A617;ALEGRE;-20,75055555;-41,48888888;138;2008;03;-1.29;LN;25.34;31.67;21.46;112;12;27;0.241;28;27
A617;ALEGRE;-20,75055555;-41,48888888;138;2008;04;-1.01;LN;24.74;30.71;20.97;164.4;15;31.2;0.19;30;30
A617;ALEGRE;-20,75055555;-41,48888888;138;2008;05;-0.84;LN;21.33;27.81;16.81;27;3;18.8;0.696;31;31
A617;ALEGRE;-20,75055555;-41,48888888;138;2008;06;-0.61;LN;20.43;26.46;16.27;12;4;3.4;0.283;30;30
A617;ALEGRE;-20,75055555;-41,48888888;138;2008;07;-0.37;neutral;19.67;27.38;13.96;21.2;3;8.2;0.387;31;31
A617;ALEGRE;-20,75055555;-41,48888888;138;2008;08;-0.23;neutral;22.14;29.77;16.3;15.8;4;7;0.443;31;31
A617;ALEGRE;-20,75055555;-41,48888888;138;2008;09;-0.24;neutral;22.16;29.02;16.79;70.6;10;22.8;0.323;30;30
A617;ALEGRE;-20,75055555;-41,48888888;138;2008;10;-0.35;neutral;24.51;30.72;19.85;44.6;7;14;0.314;31;31
A617;ALEGRE;-20,75055555;-41,48888888;138;2008;11;-0.55;LN;23.31;28.11;20.46;363.8;25;52;0.143;30;30
A617;ALEGRE;-20,75055555;-41,48888888;138;2008;12;-0.73;LN;24.31;29.33;21.22;393.2;20;72.2;0.184;31;31
A617;ALEGRE;-20,75055555;-41,48888888;138;2009;01;-0.85;LN;25.83;31.58;22.1;242;16;37.8;0.156;31;31
A617;ALEGRE;-20,75055555;-41,48888888;138;2009;02;-0.79;LN;26.3;33.2;21.86;123.8;9;40.2;0.325;28;28
A617;ALEGRE;-20,75055555;-41,48888888;138;2009;03;-0.61;LN;26.11;32.36;22.15;213.6;16;47.8;0.224;31;31
A617;ALEGRE;-20,75055555;-41,48888888;138;2009;04;-0.33;neutral;23.56;28.55;20.32;216.4;14;57.4;0.265;30;30
A617;ALEGRE;-20,75055555;-41,48888888;138;2009;05;0.01;neutral;21.97;27.9;17.85;11.4;3;5.4;0.474;31;31
A617;ALEGRE;-20,75055555;-41,48888888;138;2009;06;0.28;neutral;20.13;26.14;15.99;20.6;3;11.2;0.544;30;30
A617;ALEGRE;-20,75055555;-41,48888888;138;2009;07;0.45;neutral;NaN;NaN;NaN;NaN;NaN;NaN;;14;11
A617;ALEGRE;-20,75055555;-41,48888888;138;2009;08;0.58;EN_weakmod;21.54;28.04;16.72;38.8;5;12.8;0.33;31;31
A617;ALEGRE;-20,75055555;-41,48888888;138;2009;09;0.71;EN_weakmod;24.3;31.3;19.3;85.8;7;33.4;0.389;30;30
A617;ALEGRE;-20,75055555;-41,48888888;138;2009;10;1.01;EN_weakmod;24.33;29.82;20.54;174.8;14;37;0.212;31;29
A617;ALEGRE;-20,75055555;-41,48888888;138;2009;11;1.36;EN_weakmod;26.77;33.82;21.61;62.4;8;21.2;0.34;30;30
A617;ALEGRE;-20,75055555;-41,48888888;138;2009;12;1.56;EN_strong;26.16;32.3;21.83;208.2;14;47.6;0.229;31;31
A617;ALEGRE;-20,75055555;-41,48888888;138;2010;01;1.5;EN_strong;28.3;36.04;21.96;20.8;3;8.4;0.404;31;31
A617;ALEGRE;-20,75055555;-41,48888888;138;2010;02;1.22;EN_weakmod;28.12;36.16;22.19;112.4;5;94.8;0.843;28;28
A617;ALEGRE;-20,75055555;-41,48888888;138;2010;03;0.84;EN_weakmod;26.16;32.57;22.1;332;19;90;0.271;31;31
A617;ALEGRE;-20,75055555;-41,48888888;138;2010;04;0.35;neutral;23.6;29.56;19.64;169.2;10;76.8;0.454;30;30
A617;ALEGRE;-20,75055555;-41,48888888;138;2010;05;-0.17;neutral;22.15;28.13;17.9;67.8;8;25.8;0.381;29;27
A617;ALEGRE;-20,75055555;-41,48888888;138;2010;06;-0.66;LN;19.4;26.25;14.14;6.6;1;2;0.303;29;28
A617;ALEGRE;-20,75055555;-41,48888888;138;2010;07;-1.05;LN;20.8;27.08;16.33;87;6;50;0.575;31;31
A617;ALEGRE;-20,75055555;-41,48888888;138;2010;08;-1.35;LN;19.87;27.93;13.83;15.4;3;9.2;0.597;31;30
A617;ALEGRE;-20,75055555;-41,48888888;138;2010;09;-1.56;LN;22.88;30.14;16.79;17;3;7.4;0.435;29;28
A617;ALEGRE;-20,75055555;-41,48888888;138;2010;10;-1.64;LN;23.68;29.29;19.47;155;7;56.2;0.363;26;25
A617;ALEGRE;-20,75055555;-41,48888888;138;2010;11;-1.64;LN;23.91;29.23;20.37;342.2;15;62.4;0.182;30;30
A617;ALEGRE;-20,75055555;-41,48888888;138;2010;12;-1.54;LN;26.44;32.82;22.23;587.4;19;168.2;0.286;31;31
A617;ALEGRE;-20,75055555;-41,48888888;138;2011;01;-1.31;LN;27.08;33.8;21.91;25.6;6;10;0.391;31;31
A617;ALEGRE;-20,75055555;-41,48888888;138;2011;02;-1.04;LN;27.56;35.46;21.72;148.4;7;94.8;0.639;28;28
A617;ALEGRE;-20,75055555;-41,48888888;138;2011;03;-0.8;LN;24.87;30.4;22.19;530.4;17;104.4;0.197;22;22
A617;ALEGRE;-20,75055555;-41,48888888;138;2011;04;-0.62;LN;24.12;29.9;20.28;179;12;80.2;0.448;30;30
A617;ALEGRE;-20,75055555;-41,48888888;138;2011;05;-0.46;neutral;20.99;27.22;16.78;30.4;6;10.6;0.349;31;31
A617;ALEGRE;-20,75055555;-41,48888888;138;2011;06;-0.37;neutral;20.24;26.38;15.84;31.8;4;16.4;0.516;30;30
A617;ALEGRE;-20,75055555;-41,48888888;138;2011;07;-0.43;neutral;19.53;26.89;14.28;44;5;18.4;0.418;31;31
A617;ALEGRE;-20,75055555;-41,48888888;138;2011;08;-0.58;LN;22.07;29.43;16.34;5;1;3.4;0.68;31;31
A617;ALEGRE;-20,75055555;-41,48888888;138;2011;09;-0.79;LN;21.38;28.68;15.63;32.6;4;23.2;0.712;30;30
A617;ALEGRE;-20,75055555;-41,48888888;138;2011;10;-0.96;LN;23.08;28.57;19.38;171;11;75.6;0.442;25;25
A617;ALEGRE;-20,75055555;-41,48888888;138;2011;11;-1.02;LN;22.47;27.99;18.18;NaN;NaN;NaN;;20;19
A617;ALEGRE;-20,75055555;-41,48888888;138;2011;12;-0.92;LN;24.78;30.24;21.25;208.8;13;64.4;0.308;26;25
A617;ALEGRE;-20,75055555;-41,48888888;138;2012;01;-0.72;LN;25.34;31.3;20.93;185.2;11;61.4;0.332;31;31
A617;ALEGRE;-20,75055555;-41,48888888;138;2012;02;-0.57;LN;26.73;34.56;20.86;17;3;11.8;0.694;29;29
A617;ALEGRE;-20,75055555;-41,48888888;138;2012;03;-0.46;neutral;25.82;32.89;21.18;76.4;9;19.4;0.254;31;31
A617;ALEGRE;-20,75055555;-41,48888888;138;2012;04;-0.36;neutral;24.42;30.7;20.04;60.8;7;24.8;0.408;30;30
A617;ALEGRE;-20,75055555;-41,48888888;138;2012;05;-0.17;neutral;21.08;26.57;17.3;110;10;31.8;0.289;31;31
A617;ALEGRE;-20,75055555;-41,48888888;138;2012;06;0.06;neutral;22.05;28.41;17.68;25;5;10.6;0.424;30;30
A617;ALEGRE;-20,75055555;-41,48888888;138;2012;07;0.3;neutral;20.93;28.77;15.21;10.2;3;5.8;0.569;31;31
A617;ALEGRE;-20,75055555;-41,48888888;138;2012;08;0.41;neutral;20.89;27.31;16.16;49.6;10;21.4;0.431;31;31
A617;ALEGRE;-20,75055555;-41,48888888;138;2012;09;0.41;neutral;22.71;29.96;16.97;49.4;7;13.2;0.267;30;30
A617;ALEGRE;-20,75055555;-41,48888888;138;2012;10;0.31;neutral;25.23;32.85;19.18;57.2;5;35.4;0.619;31;31
A617;ALEGRE;-20,75055555;-41,48888888;138;2012;11;0.13;neutral;23.96;29;20.49;288.6;19;88.2;0.306;30;30
A617;ALEGRE;-20,75055555;-41,48888888;138;2012;12;-0.1;neutral;27.84;35.33;22.46;78.4;7;32.2;0.411;31;31
A617;ALEGRE;-20,75055555;-41,48888888;138;2013;01;-0.29;neutral;26.3;32.76;21.74;376.2;14;61.6;0.164;31;31
A617;ALEGRE;-20,75055555;-41,48888888;138;2013;02;-0.29;neutral;26.73;33.92;21.38;116.2;7;44;0.379;28;28
A617;ALEGRE;-20,75055555;-41,48888888;138;2013;03;-0.21;neutral;25.31;30.98;21.81;388.8;17;100;0.257;31;30
A617;ALEGRE;-20,75055555;-41,48888888;138;2013;04;-0.19;neutral;23.13;28.78;19.01;30.4;5;15.2;0.5;30;30
A617;ALEGRE;-20,75055555;-41,48888888;138;2013;05;-0.27;neutral;21.72;28.21;17.27;73.8;7;22.6;0.306;31;31
A617;ALEGRE;-20,75055555;-41,48888888;138;2013;06;-0.34;neutral;21.68;27.98;17.21;37.2;4;24.4;0.656;30;30
A617;ALEGRE;-20,75055555;-41,48888888;138;2013;07;-0.35;neutral;20.59;27.12;16.11;23.4;2;17;0.726;31;31
A617;ALEGRE;-20,75055555;-41,48888888;138;2013;08;-0.28;neutral;21.36;29.22;15.43;27.4;5;16.4;0.599;31;31
A617;ALEGRE;-20,75055555;-41,48888888;138;2013;09;-0.21;neutral;22.86;29.45;17.76;37;7;10.8;0.292;30;30
A617;ALEGRE;-20,75055555;-41,48888888;138;2013;10;-0.13;neutral;23.31;29.46;18.68;92.2;11;27.4;0.297;31;31
A617;ALEGRE;-20,75055555;-41,48888888;138;2013;11;-0.1;neutral;24.57;30.72;20.1;149.4;11;43.6;0.292;30;30
A617;ALEGRE;-20,75055555;-41,48888888;138;2013;12;-0.15;neutral;25.31;30.83;21.75;482.2;22;103.8;0.215;31;31
A617;ALEGRE;-20,75055555;-41,48888888;138;2014;01;-0.28;neutral;27.06;34.92;21.1;48.4;6;24.6;0.508;31;31
A617;ALEGRE;-20,75055555;-41,48888888;138;2014;02;-0.32;neutral;27.08;35.06;20.99;68.8;2;36.4;0.529;28;28
A617;ALEGRE;-20,75055555;-41,48888888;138;2014;03;-0.14;neutral;25.62;32.09;21.17;139.8;12;38.4;0.275;31;31
A617;ALEGRE;-20,75055555;-41,48888888;138;2014;04;0.15;neutral;23.84;30.17;19.72;154;10;39;0.253;30;30
A617;ALEGRE;-20,75055555;-41,48888888;138;2014;05;0.31;neutral;21.7;28.21;16.99;61.8;4;54.2;0.877;31;31
A617;ALEGRE;-20,75055555;-41,48888888;138;2014;06;0.23;neutral;21.03;28.12;16.01;11.6;3;4.6;0.397;30;30
A617;ALEGRE;-20,75055555;-41,48888888;138;2014;07;0.1;neutral;20.51;26.53;16.05;50.6;6;30.4;0.601;31;31
A617;ALEGRE;-20,75055555;-41,48888888;138;2014;08;0.11;neutral;20.86;28.4;14.95;17.8;4;8.8;0.494;31;31
A617;ALEGRE;-20,75055555;-41,48888888;138;2014;09;0.28;neutral;23.3;31.41;16.71;20.8;3;7.8;0.375;30;30
A617;ALEGRE;-20,75055555;-41,48888888;138;2014;10;0.54;EN_weakmod;24;30.77;18.29;94.6;7;32.6;0.345;31;31
A617;ALEGRE;-20,75055555;-41,48888888;138;2014;11;0.71;EN_weakmod;25.21;30.87;20.44;159.6;10;58.8;0.368;30;30
A617;ALEGRE;-20,75055555;-41,48888888;138;2014;12;0.77;EN_weakmod;26.92;34.13;21.17;93.4;7;47.2;0.505;31;31
A617;ALEGRE;-20,75055555;-41,48888888;138;2015;01;0.69;EN_weakmod;29.5;37.75;22.56;2.6;2;1.4;0.538;31;31
A617;ALEGRE;-20,75055555;-41,48888888;138;2015;02;0.61;EN_weakmod;28.2;35.7;22.47;57.2;7;19.4;0.339;28;28
A617;ALEGRE;-20,75055555;-41,48888888;138;2015;03;0.65;EN_weakmod;26.68;33.79;21.71;117.8;12;25.8;0.219;31;31
A617;ALEGRE;-20,75055555;-41,48888888;138;2015;04;0.81;EN_weakmod;24.27;30.56;19.71;141.6;10;41.6;0.294;30;30
A617;ALEGRE;-20,75055555;-41,48888888;138;2015;05;1.02;EN_weakmod;21.54;27.38;17.51;115.8;11;35.2;0.304;31;31
A617;ALEGRE;-20,75055555;-41,48888888;138;2015;06;1.25;EN_weakmod;20.83;27.39;16.47;43.2;8;11.8;0.273;30;30
A617;ALEGRE;-20,75055555;-41,48888888;138;2015;07;1.57;EN_strong;21.32;28.37;15.98;14.2;3;6.2;0.437;31;31
A617;ALEGRE;-20,75055555;-41,48888888;138;2015;08;1.91;EN_strong;22.21;29.79;16.25;2.8;1;1;0.357;31;31
A617;ALEGRE;-20,75055555;-41,48888888;138;2015;09;2.21;EN_strong;24.57;32.12;19;86.6;8;34;0.393;30;30
A617;ALEGRE;-20,75055555;-41,48888888;138;2015;10;2.47;EN_strong;25.86;33.46;20.08;52;8;15.6;0.3;31;31
A617;ALEGRE;-20,75055555;-41,48888888;138;2015;11;2.64;EN_strong;27.42;34.71;22.7;132.2;11;69.4;0.525;30;30
A617;ALEGRE;-20,75055555;-41,48888888;138;2015;12;2.75;EN_strong;27.21;34.53;21.89;145.2;9;35;0.241;31;31
A617;ALEGRE;-20,75055555;-41,48888888;138;2016;01;2.63;EN_strong;26.39;33.09;21.88;199.6;16;39.2;0.196;31;31
A617;ALEGRE;-20,75055555;-41,48888888;138;2016;02;2.28;EN_strong;28.56;37.23;22.07;40.4;3;27;0.668;29;29
A617;ALEGRE;-20,75055555;-41,48888888;138;2016;03;1.71;EN_strong;27.16;34.63;22;137.2;9;37.4;0.273;31;31
A617;ALEGRE;-20,75055555;-41,48888888;138;2016;04;1.05;EN_weakmod;26.47;34.76;20.09;32.8;4;16.2;0.494;30;30
A617;ALEGRE;-20,75055555;-41,48888888;138;2016;05;0.49;neutral;NaN;NaN;NaN;NaN;NaN;NaN;;12;12
A617;ALEGRE;-20,75055555;-41,48888888;138;2016;06;0;neutral;NaN;NaN;NaN;NaN;NaN;NaN;;0;0
A617;ALEGRE;-20,75055555;-41,48888888;138;2016;07;-0.31;neutral;21.33;28.2;16.1;1;0;0.6;0.6;31;31
A617;ALEGRE;-20,75055555;-41,48888888;138;2016;08;-0.5;LN;22.75;30.92;16.31;2.4;0;0.8;0.333;31;31
A617;ALEGRE;-20,75055555;-41,48888888;138;2016;09;-0.58;LN;24.18;31.25;18.77;77;7;34.8;0.452;30;30
A617;ALEGRE;-20,75055555;-41,48888888;138;2016;10;-0.64;LN;24.11;30.17;19.8;91.6;12;21.8;0.238;31;31
A617;ALEGRE;-20,75055555;-41,48888888;138;2016;11;-0.6;LN;24.38;30.5;19.84;321.4;14;70.8;0.22;30;30
A617;ALEGRE;-20,75055555;-41,48888888;138;2016;12;-0.45;neutral;25.56;32.24;21.07;376.8;16;107;0.284;31;31
A617;ALEGRE;-20,75055555;-41,48888888;138;2017;01;-0.19;neutral;27.56;35.34;21.38;61.2;5;32.6;0.533;31;31
A617;ALEGRE;-20,75055555;-41,48888888;138;2017;02;-0.02;neutral;26.42;33.79;21.23;122.4;7;87.2;0.712;28;28
A617;ALEGRE;-20,75055555;-41,48888888;138;2017;03;0.18;neutral;25.86;33.11;20.61;72.2;7;29.4;0.407;31;31
A617;ALEGRE;-20,75055555;-41,48888888;138;2017;04;0.31;neutral;24.42;30.94;19.51;47.6;6;19.6;0.412;30;30
A617;ALEGRE;-20,75055555;-41,48888888;138;2017;05;0.4;neutral;22.07;28.33;17.55;51.8;7;22.6;0.436;31;31
A617;ALEGRE;-20,75055555;-41,48888888;138;2017;06;0.39;neutral;21.41;28.65;16.62;41.2;9;8;0.194;30;30
A617;ALEGRE;-20,75055555;-41,48888888;138;2017;07;0.19;neutral;19.37;25.65;14.68;27.4;8;6.8;0.248;31;31
A617;ALEGRE;-20,75055555;-41,48888888;138;2017;08;-0.07;neutral;20.66;28.25;14.76;5.6;3;2;0.357;31;31
A617;ALEGRE;-20,75055555;-41,48888888;138;2017;09;-0.34;neutral;22.57;31.33;15.36;10;3;4.6;0.46;30;30
A617;ALEGRE;-20,75055555;-41,48888888;138;2017;10;-0.6;LN;25.7;33.35;19.76;69.6;6;27.2;0.391;31;31
A617;ALEGRE;-20,75055555;-41,48888888;138;2017;11;-0.77;LN;24.18;29.76;20.13;240.8;18;92.6;0.385;30;30
A617;ALEGRE;-20,75055555;-41,48888888;138;2017;12;-0.86;LN;25.74;32;21.19;181.8;14;42.4;0.233;31;31
A617;ALEGRE;-20,75055555;-41,48888888;138;2018;01;-0.77;LN;27.68;35.28;21.77;104.8;5;66;0.63;31;31
A617;ALEGRE;-20,75055555;-41,48888888;138;2018;02;-0.71;LN;25.91;32.29;21.49;130.8;11;56.4;0.431;28;28
A617;ALEGRE;-20,75055555;-41,48888888;138;2018;03;-0.57;LN;26.04;32.89;21.77;240.2;14;57.4;0.239;31;31
A617;ALEGRE;-20,75055555;-41,48888888;138;2018;04;-0.39;neutral;23.46;29.8;19.62;187.8;10;50.4;0.268;30;30
A617;ALEGRE;-20,75055555;-41,48888888;138;2018;05;-0.13;neutral;21.58;28.08;17.07;50.8;8;16.4;0.323;31;31
A617;ALEGRE;-20,75055555;-41,48888888;138;2018;06;0.06;neutral;21.5;28.07;16.98;23.4;4;7.6;0.325;30;30
A617;ALEGRE;-20,75055555;-41,48888888;138;2018;07;0.14;neutral;20.56;28.95;14.67;14.4;2;11.4;0.792;31;31
A617;ALEGRE;-20,75055555;-41,48888888;138;2018;08;0.27;neutral;21;27.13;16.38;54.4;8;16.8;0.309;31;31
A617;ALEGRE;-20,75055555;-41,48888888;138;2018;09;0.53;EN_weakmod;23.15;29.99;17.93;26;6;7.8;0.3;30;30
A617;ALEGRE;-20,75055555;-41,48888888;138;2018;10;0.81;EN_weakmod;24.43;30.82;19.94;67;12;25.4;0.379;31;31
A617;ALEGRE;-20,75055555;-41,48888888;138;2018;11;0.97;EN_weakmod;24.52;30.68;20.12;223.6;12;58.6;0.262;30;30
A617;ALEGRE;-20,75055555;-41,48888888;138;2018;12;0.92;EN_weakmod;25.58;32.56;20.85;220.4;14;36.2;0.164;31;31
A617;ALEGRE;-20,75055555;-41,48888888;138;2019;01;0.89;EN_weakmod;28.16;36.75;21.28;37.6;2;34.8;0.926;31;31
A617;ALEGRE;-20,75055555;-41,48888888;138;2019;02;0.86;EN_weakmod;26.98;34.63;22.1;193.6;10;57;0.294;28;28
A617;ALEGRE;-20,75055555;-41,48888888;138;2019;03;0.84;EN_weakmod;26.18;33.35;21.71;186.2;12;58.6;0.315;31;31
A617;ALEGRE;-20,75055555;-41,48888888;138;2019;04;0.77;EN_weakmod;25.34;32.01;21.01;85.2;7;34.8;0.408;30;30
A617;ALEGRE;-20,75055555;-41,48888888;138;2019;05;0.64;EN_weakmod;23.67;30.26;19.3;37;7;18.6;0.503;31;31
A617;ALEGRE;-20,75055555;-41,48888888;138;2019;06;0.52;EN_weakmod;21.88;29.25;16.45;14.8;3;10.4;0.703;30;30
A617;ALEGRE;-20,75055555;-41,48888888;138;2019;07;0.33;neutral;20.34;28.76;13.66;2;1;1.2;0.6;31;31
A617;ALEGRE;-20,75055555;-41,48888888;138;2019;08;0.19;neutral;20.83;27.96;15.57;25.8;5;12.6;0.488;31;31
A617;ALEGRE;-20,75055555;-41,48888888;138;2019;09;0.23;neutral;23.9;30.78;18.58;33.2;7;13.2;0.398;30;30
A617;ALEGRE;-20,75055555;-41,48888888;138;2019;10;0.39;neutral;25.31;33.25;19.2;26.4;6;8.4;0.318;31;31
A617;ALEGRE;-20,75055555;-41,48888888;138;2019;11;0.58;EN_weakmod;24.76;30.94;20.58;274.2;19;38.8;0.142;30;30
A617;ALEGRE;-20,75055555;-41,48888888;138;2019;12;0.66;EN_weakmod;25.78;31.93;21.12;153.2;10;34;0.222;31;31
A617;ALEGRE;-20,75055555;-41,48888888;138;2020;01;0.64;EN_weakmod;NaN;NaN;NaN;NaN;NaN;NaN;;31;30
A617;ALEGRE;-20,75055555;-41,48888888;138;2020;02;0.63;EN_weakmod;NaN;NaN;NaN;NaN;NaN;NaN;;11;9
A617;ALEGRE;-20,75055555;-41,48888888;138;2020;03;0.53;EN_weakmod;NaN;NaN;NaN;NaN;NaN;NaN;;0;0
A617;ALEGRE;-20,75055555;-41,48888888;138;2020;04;0.3;neutral;NaN;NaN;NaN;NaN;NaN;NaN;;0;0
A617;ALEGRE;-20,75055555;-41,48888888;138;2020;05;0.01;neutral;NaN;NaN;NaN;NaN;NaN;NaN;;0;0
A617;ALEGRE;-20,75055555;-41,48888888;138;2020;06;-0.23;neutral;NaN;NaN;NaN;NaN;NaN;NaN;;0;0
A617;ALEGRE;-20,75055555;-41,48888888;138;2020;07;-0.36;neutral;NaN;NaN;NaN;NaN;NaN;NaN;;0;0
A617;ALEGRE;-20,75055555;-41,48888888;138;2020;08;-0.53;LN;NaN;NaN;NaN;NaN;NaN;NaN;;0;0
A617;ALEGRE;-20,75055555;-41,48888888;138;2020;09;-0.85;LN;NaN;NaN;NaN;NaN;NaN;NaN;;29;0
A617;ALEGRE;-20,75055555;-41,48888888;138;2020;10;-1.12;LN;NaN;NaN;NaN;NaN;NaN;NaN;;31;0
A617;ALEGRE;-20,75055555;-41,48888888;138;2020;11;-1.2;LN;NaN;NaN;NaN;NaN;NaN;NaN;;30;0
A617;ALEGRE;-20,75055555;-41,48888888;138;2020;12;-1.08;LN;NaN;NaN;NaN;NaN;NaN;NaN;;31;31
A617;ALEGRE;-20,75055555;-41,48888888;138;2021;01;-0.91;LN;26.51;34.33;20.72;67.8;4;37.4;0.552;31;31
A617;ALEGRE;-20,75055555;-41,48888888;138;2021;02;-0.79;LN;25.46;32.51;21.02;358.2;16;92;0.257;28;28
A617;ALEGRE;-20,75055555;-41,48888888;138;2021;03;-0.71;LN;25.57;33.38;20.27;151.8;7;45;0.296;31;31
A617;ALEGRE;-20,75055555;-41,48888888;138;2021;04;-0.55;LN;23.16;30.2;18.3;65.4;9;18.2;0.278;30;30
A617;ALEGRE;-20,75055555;-41,48888888;138;2021;05;-0.39;neutral;22.22;29.51;17.55;28;5;11;0.393;31;31
A617;ALEGRE;-20,75055555;-41,48888888;138;2021;06;-0.3;neutral;20.73;27.65;16.04;42.8;3;28.6;0.668;30;30
A617;ALEGRE;-20,75055555;-41,48888888;138;2021;07;-0.35;neutral;19.65;27.55;13.57;4.6;2;2;0.435;31;31
A617;ALEGRE;-20,75055555;-41,48888888;138;2021;08;-0.45;neutral;21.23;29;15.43;40;7;16;0.4;31;31
A617;ALEGRE;-20,75055555;-41,48888888;138;2021;09;-0.63;LN;24.1;31.82;18.52;13.4;3;8;0.597;30;30
A617;ALEGRE;-20,75055555;-41,48888888;138;2021;10;-0.76;LN;23.08;28.25;19.84;210.8;16;47.4;0.225;31;31
A617;ALEGRE;-20,75055555;-41,48888888;138;2021;11;-0.91;LN;23.18;29.14;18.83;244.6;16;48.6;0.199;30;30
A617;ALEGRE;-20,75055555;-41,48888888;138;2021;12;-0.87;LN;24.51;30.64;20.49;286.4;15;66.2;0.231;31;31
A617;ALEGRE;-20,75055555;-41,48888888;138;2022;01;-0.82;LN;26.17;33.31;21.25;171.8;8;59.6;0.347;31;31
A617;ALEGRE;-20,75055555;-41,48888888;138;2022;02;-0.79;LN;25.36;31.91;21.44;392.8;17;87.6;0.223;28;28
A617;ALEGRE;-20,75055555;-41,48888888;138;2022;03;-0.86;LN;26.27;34.63;20.4;12.2;4;4;0.328;31;31
A617;ALEGRE;-20,75055555;-41,48888888;138;2022;04;-0.95;LN;24.67;31.85;19.54;58.6;6;20;0.341;30;30
A617;ALEGRE;-20,75055555;-41,48888888;138;2022;05;-0.9;LN;21.93;29.08;16.61;11.6;3;4.6;0.397;31;31
A617;ALEGRE;-20,75055555;-41,48888888;138;2022;06;-0.78;LN;20.08;27.9;14.67;12.8;4;6.4;0.5;30;30
A617;ALEGRE;-20,75055555;-41,48888888;138;2022;07;-0.76;LN;21.37;29.63;15.14;0.6;0;0.4;0.667;31;31
A617;ALEGRE;-20,75055555;-41,48888888;138;2022;08;-0.87;LN;21.45;28.8;15.64;12.4;3;6.2;0.5;31;31
A617;ALEGRE;-20,75055555;-41,48888888;138;2022;09;-0.97;LN;21.95;29.24;16.74;41;5;17.2;0.42;30;30
A617;ALEGRE;-20,75055555;-41,48888888;138;2022;10;-0.94;LN;25.23;32.01;20.18;112.2;6;36.2;0.323;31;31
A617;ALEGRE;-20,75055555;-41,48888888;138;2022;11;-0.85;LN;23.21;29.1;18.93;221;15;45.4;0.205;30;30
A617;ALEGRE;-20,75055555;-41,48888888;138;2022;12;-0.71;LN;24.43;30.46;20.84;334.2;20;38.8;0.116;31;31
A617;ALEGRE;-20,75055555;-41,48888888;138;2023;01;-0.54;LN;25.6;32.31;21.47;290.4;14;87;0.3;31;31
A617;ALEGRE;-20,75055555;-41,48888888;138;2023;02;-0.29;neutral;26.91;34.81;21.63;83.2;6;31.4;0.377;28;28
A617;ALEGRE;-20,75055555;-41,48888888;138;2023;03;-0.02;neutral;26.55;34.53;21.09;39.2;5;22;0.561;31;31
A617;ALEGRE;-20,75055555;-41,48888888;138;2023;04;0.27;neutral;24.41;30.62;20.28;108.2;8;51.6;0.477;30;30
A617;ALEGRE;-20,75055555;-41,48888888;138;2023;05;0.57;EN_weakmod;21.59;28.13;17.17;26.4;5;16;0.606;31;31
A617;ALEGRE;-20,75055555;-41,48888888;138;2023;06;0.84;EN_weakmod;20.49;28.96;14.7;2.4;1;1.8;0.75;30;30
A617;ALEGRE;-20,75055555;-41,48888888;138;2023;07;1.12;EN_weakmod;20.92;28.01;15.56;40.4;5;18.8;0.465;31;31
A617;ALEGRE;-20,75055555;-41,48888888;138;2023;08;1.37;EN_weakmod;22.54;29.3;17.22;55.8;8;18.4;0.33;31;31
A617;ALEGRE;-20,75055555;-41,48888888;138;2023;09;1.6;EN_strong;24.26;31.68;18.32;43.4;7;28.6;0.659;30;30
A617;ALEGRE;-20,75055555;-41,48888888;138;2023;10;1.83;EN_strong;25.91;32.5;21.53;90.8;15;14.8;0.163;31;31
A617;ALEGRE;-20,75055555;-41,48888888;138;2023;11;1.99;EN_strong;27;34.74;21.48;185.8;9;104.6;0.563;30;30
A617;ALEGRE;-20,75055555;-41,48888888;138;2023;12;2.06;EN_strong;26.62;34.06;21.83;206.2;16;38;0.184;31;31
A617;ALEGRE;-20,75055555;-41,48888888;138;2024;01;1.92;EN_strong;26.65;32.73;22.66;243.6;12;81.4;0.334;31;31
A617;ALEGRE;-20,75055555;-41,48888888;138;2024;02;1.62;EN_strong;26.58;33.53;22.06;195.2;14;42.6;0.218;29;29
A617;ALEGRE;-20,75055555;-41,48888888;138;2024;03;1.26;EN_weakmod;26.81;33.35;22.81;309;14;106.6;0.345;31;31
A617;ALEGRE;-20,75055555;-41,48888888;138;2024;04;0.82;EN_weakmod;25.06;31.65;20.55;47.8;4;36;0.753;30;30
A617;ALEGRE;-20,75055555;-41,48888888;138;2024;05;0.49;neutral;24.4;32;19.62;10;3;4.4;0.44;31;31
A617;ALEGRE;-20,75055555;-41,48888888;138;2024;06;0.22;neutral;22.18;30.52;16.4;4.4;1;3.8;0.864;30;30
A617;ALEGRE;-20,75055555;-41,48888888;138;2024;07;0.08;neutral;22.17;30.34;16.2;2.6;1;2.2;0.846;31;31
A617;ALEGRE;-20,75055555;-41,48888888;138;2024;08;-0.07;neutral;22.12;30.64;15.74;21;4;7.8;0.371;31;31
A617;ALEGRE;-20,75055555;-41,48888888;138;2024;09;-0.17;neutral;25.23;33.31;18.66;1;0;0.6;0.6;30;30
A617;ALEGRE;-20,75055555;-41,48888888;138;2024;10;-0.21;neutral;24.99;31.46;20.42;141.8;10;38.6;0.272;31;31
A617;ALEGRE;-20,75055555;-41,48888888;138;2024;11;-0.3;neutral;24.98;31.23;20.36;135.8;13;25.6;0.189;30;30
A617;ALEGRE;-20,75055555;-41,48888888;138;2024;12;-0.42;neutral;26.2;32.75;21.97;167.4;14;48;0.287;31;31
A617;ALEGRE;-20,75055555;-41,48888888;138;2025;01;-0.45;neutral;26.45;33.19;21.94;222.8;16;72;0.323;31;31
A617;ALEGRE;-20,75055555;-41,48888888;138;2025;02;-0.24;neutral;27.96;36.86;21.41;3.8;1;2.8;0.737;28;28
A617;ALEGRE;-20,75055555;-41,48888888;138;2025;03;-0.06;neutral;26.34;33.47;21.82;214.4;12;62.4;0.291;31;31
A617;ALEGRE;-20,75055555;-41,48888888;138;2025;04;0.02;neutral;24.25;30.1;20.57;136.2;9;47.2;0.347;30;30
A617;ALEGRE;-20,75055555;-41,48888888;138;2025;05;-0.02;neutral;21.96;27.99;18.08;41.2;9;9.6;0.233;31;31
A617;ALEGRE;-20,75055555;-41,48888888;138;2025;06;-0.04;neutral;20.6;27.98;15.58;23.8;3;17;0.714;30;30
A617;ALEGRE;-20,75055555;-41,48888888;138;2025;07;-0.14;neutral;19.85;26.74;14.76;8;3;4.2;0.525;31;31
A617;ALEGRE;-20,75055555;-41,48888888;138;2025;08;-0.28;neutral;21.29;28.93;15.51;40.2;3;32.2;0.801;31;31
A617;ALEGRE;-20,75055555;-41,48888888;138;2025;09;-0.4;neutral;22.42;29.17;17.36;40.6;4;25.6;0.631;30;30
A617;ALEGRE;-20,75055555;-41,48888888;138;2025;10;-0.51;LN;23.48;30.14;18.34;66.4;8;30.2;0.455;26;26
A617;ALEGRE;-20,75055555;-41,48888888;138;2025;11;-0.55;LN;24.25;31.11;19.21;136;14;37;0.272;30;30
A617;ALEGRE;-20,75055555;-41,48888888;138;2025;12;-0.54;LN;26.69;34.09;21.28;156.2;12;47.8;0.306;31;31
A622;PRESIDENTE KENNEDY;-21,10083333;-41,03944444;69,12;2008;06;-0.61;LN;NaN;NaN;NaN;NaN;NaN;NaN;;6;5
A622;PRESIDENTE KENNEDY;-21,10083333;-41,03944444;69,12;2008;07;-0.37;neutral;NaN;NaN;NaN;NaN;NaN;NaN;;31;31
A622;PRESIDENTE KENNEDY;-21,10083333;-41,03944444;69,12;2008;08;-0.23;neutral;NaN;NaN;NaN;NaN;NaN;NaN;;31;31
A622;PRESIDENTE KENNEDY;-21,10083333;-41,03944444;69,12;2008;09;-0.24;neutral;NaN;NaN;NaN;NaN;NaN;NaN;;30;30
A622;PRESIDENTE KENNEDY;-21,10083333;-41,03944444;69,12;2008;10;-0.35;neutral;NaN;NaN;NaN;NaN;NaN;NaN;;31;31
A622;PRESIDENTE KENNEDY;-21,10083333;-41,03944444;69,12;2008;11;-0.55;LN;NaN;NaN;NaN;NaN;NaN;NaN;;30;30
A622;PRESIDENTE KENNEDY;-21,10083333;-41,03944444;69,12;2008;12;-0.73;LN;NaN;NaN;NaN;NaN;NaN;NaN;;31;31
A622;PRESIDENTE KENNEDY;-21,10083333;-41,03944444;69,12;2009;01;-0.85;LN;25.54;30.71;22.4;228.4;17;59;0.258;31;31
A622;PRESIDENTE KENNEDY;-21,10083333;-41,03944444;69,12;2009;02;-0.79;LN;26.58;32.46;22.78;93.2;8;75.4;0.809;28;28
A622;PRESIDENTE KENNEDY;-21,10083333;-41,03944444;69,12;2009;03;-0.61;LN;26.05;32.02;22.7;280.4;18;43.8;0.156;31;31
A622;PRESIDENTE KENNEDY;-21,10083333;-41,03944444;69,12;2009;04;-0.33;neutral;23.88;28.68;20.96;211.2;10;57.8;0.274;30;30
A622;PRESIDENTE KENNEDY;-21,10083333;-41,03944444;69,12;2009;05;0.01;neutral;22.49;27.97;18.97;70.4;6;45.6;0.648;31;31
A622;PRESIDENTE KENNEDY;-21,10083333;-41,03944444;69,12;2009;06;0.28;neutral;20.59;26.13;17.05;31.8;5;13.4;0.421;30;30
A622;PRESIDENTE KENNEDY;-21,10083333;-41,03944444;69,12;2009;07;0.45;neutral;21.48;27.31;17.88;29;3;16.4;0.566;31;31
A622;PRESIDENTE KENNEDY;-21,10083333;-41,03944444;69,12;2009;08;0.58;EN_weakmod;21.62;27.25;17.84;57.2;9;21;0.367;31;31
A622;PRESIDENTE KENNEDY;-21,10083333;-41,03944444;69,12;2009;09;0.71;EN_weakmod;23.46;29.37;19.9;60.6;11;21.2;0.35;30;30
A622;PRESIDENTE KENNEDY;-21,10083333;-41,03944444;69,12;2009;10;1.01;EN_weakmod;23.65;28.52;20.64;271.2;12;102.2;0.377;31;29
A622;PRESIDENTE KENNEDY;-21,10083333;-41,03944444;69,12;2009;11;1.36;EN_weakmod;26.25;32.71;22.2;96.6;14;28.6;0.296;30;30
A622;PRESIDENTE KENNEDY;-21,10083333;-41,03944444;69,12;2009;12;1.56;EN_strong;26.3;32;22.51;188.8;13;100.4;0.532;31;31
A622;PRESIDENTE KENNEDY;-21,10083333;-41,03944444;69,12;2010;01;1.5;EN_strong;27.79;34.14;23.55;71.6;16;12.8;0.179;31;31
A622;PRESIDENTE KENNEDY;-21,10083333;-41,03944444;69,12;2010;02;1.22;EN_weakmod;27.76;34.06;23.73;185.6;17;112.8;0.608;28;28
A622;PRESIDENTE KENNEDY;-21,10083333;-41,03944444;69,12;2010;03;0.84;EN_weakmod;26.33;31.95;23.12;168;14;44;0.262;31;31
A622;PRESIDENTE KENNEDY;-21,10083333;-41,03944444;69,12;2010;04;0.35;neutral;24.23;29.69;21.01;60.2;10;22.4;0.372;30;30
A622;PRESIDENTE KENNEDY;-21,10083333;-41,03944444;69,12;2010;05;-0.17;neutral;22.7;28.29;19.29;46.6;9;12.2;0.262;31;31
A622;PRESIDENTE KENNEDY;-21,10083333;-41,03944444;69,12;2010;06;-0.66;LN;20.28;26.29;16.36;35.4;6;9.6;0.271;30;30
A622;PRESIDENTE KENNEDY;-21,10083333;-41,03944444;69,12;2010;07;-1.05;LN;21.24;26.1;18.1;104.8;10;42.6;0.406;31;31
A622;PRESIDENTE KENNEDY;-21,10083333;-41,03944444;69,12;2010;08;-1.35;LN;20.59;26.7;16.38;100.4;9;43.6;0.434;31;31
A622;PRESIDENTE KENNEDY;-21,10083333;-41,03944444;69,12;2010;09;-1.56;LN;22.25;28.1;18.57;264.2;19;64.8;0.245;30;30
A622;PRESIDENTE KENNEDY;-21,10083333;-41,03944444;69,12;2010;10;-1.64;LN;22.77;27.71;19.67;109;10;37.4;0.343;31;31
A622;PRESIDENTE KENNEDY;-21,10083333;-41,03944444;69,12;2010;11;-1.64;LN;23.49;28.25;20.77;173.6;16;39.2;0.226;30;30
A622;PRESIDENTE KENNEDY;-21,10083333;-41,03944444;69,12;2010;12;-1.54;LN;25.82;31.31;22.46;338.6;20;111.8;0.33;31;31
A622;PRESIDENTE KENNEDY;-21,10083333;-41,03944444;69,12;2011;01;-1.31;LN;26.36;32;22.55;315.8;21;44;0.139;31;31
A622;PRESIDENTE KENNEDY;-21,10083333;-41,03944444;69,12;2011;02;-1.04;LN;26.91;33.01;23.05;394.8;23;49.2;0.125;28;28
A622;PRESIDENTE KENNEDY;-21,10083333;-41,03944444;69,12;2011;03;-0.8;LN;24.69;29.3;22.22;333.8;20;29;0.087;31;31
A622;PRESIDENTE KENNEDY;-21,10083333;-41,03944444;69,12;2011;04;-0.62;LN;24.26;28.98;21.35;211.8;12;51.2;0.242;30;30
A622;PRESIDENTE KENNEDY;-21,10083333;-41,03944444;69,12;2011;05;-0.46;neutral;21.58;26.97;18.26;79.8;14;13.4;0.168;31;31
A622;PRESIDENTE KENNEDY;-21,10083333;-41,03944444;69,12;2011;06;-0.37;neutral;20.61;25.8;17.16;92.2;12;20.8;0.226;30;30
A622;PRESIDENTE KENNEDY;-21,10083333;-41,03944444;69,12;2011;07;-0.43;neutral;20.48;26.28;16.3;39.6;6;10.8;0.273;31;31
A622;PRESIDENTE KENNEDY;-21,10083333;-41,03944444;69,12;2011;08;-0.58;LN;21.78;27.8;17.74;29.4;6;14.2;0.483;31;31
A622;PRESIDENTE KENNEDY;-21,10083333;-41,03944444;69,12;2011;09;-0.79;LN;20.88;26.66;16.97;20.8;5;11.2;0.538;30;30
A622;PRESIDENTE KENNEDY;-21,10083333;-41,03944444;69,12;2011;10;-0.96;LN;22.57;27.63;19.97;110.6;12;33;0.298;27;27
A622;PRESIDENTE KENNEDY;-21,10083333;-41,03944444;69,12;2011;11;-1.02;LN;NaN;NaN;NaN;NaN;NaN;NaN;;2;0
A622;PRESIDENTE KENNEDY;-21,10083333;-41,03944444;69,12;2011;12;-0.92;LN;24.52;29.33;21.84;67.4;12;21;0.312;25;25
A622;PRESIDENTE KENNEDY;-21,10083333;-41,03944444;69,12;2012;01;-0.72;LN;24.71;29.72;21.41;117.4;16;34.4;0.293;31;31
A622;PRESIDENTE KENNEDY;-21,10083333;-41,03944444;69,12;2012;02;-0.57;LN;25.91;32.07;21.87;71;17;10.4;0.146;29;29
A622;PRESIDENTE KENNEDY;-21,10083333;-41,03944444;69,12;2012;03;-0.46;neutral;25.2;31.06;21.67;101.8;9;33.2;0.326;31;31
A622;PRESIDENTE KENNEDY;-21,10083333;-41,03944444;69,12;2012;04;-0.36;neutral;24.64;30.02;21.14;37;5;14.2;0.384;30;30
A622;PRESIDENTE KENNEDY;-21,10083333;-41,03944444;69,12;2012;05;-0.17;neutral;21.57;26.59;18.44;88.6;9;39.8;0.449;31;31
A622;PRESIDENTE KENNEDY;-21,10083333;-41,03944444;69,12;2012;06;0.06;neutral;22.26;27.44;19.06;140.8;7;63.8;0.453;30;30
A622;PRESIDENTE KENNEDY;-21,10083333;-41,03944444;69,12;2012;07;0.3;neutral;21.35;27.39;17.12;NaN;NaN;NaN;;31;12
A622;PRESIDENTE KENNEDY;-21,10083333;-41,03944444;69,12;2012;08;0.41;neutral;20.83;25.76;17.68;95.2;15;18.2;0.191;31;31
A622;PRESIDENTE KENNEDY;-21,10083333;-41,03944444;69,12;2012;09;0.41;neutral;21.88;27.63;17.99;35.2;9;13.2;0.375;30;24
A622;PRESIDENTE KENNEDY;-21,10083333;-41,03944444;69,12;2012;10;0.31;neutral;24.03;30.1;20.22;NaN;NaN;NaN;;31;17
A622;PRESIDENTE KENNEDY;-21,10083333;-41,03944444;69,12;2012;11;0.13;neutral;23.46;27.45;20.97;237.6;17;69;0.29;30;30
A622;PRESIDENTE KENNEDY;-21,10083333;-41,03944444;69,12;2012;12;-0.1;neutral;26.73;32.67;23.03;46.8;2;42.6;0.91;31;31
A622;PRESIDENTE KENNEDY;-21,10083333;-41,03944444;69,12;2013;01;-0.29;neutral;25.74;31.24;22.38;203.2;12;95.2;0.469;31;31
A622;PRESIDENTE KENNEDY;-21,10083333;-41,03944444;69,12;2013;02;-0.29;neutral;26.3;31.96;22.65;6.2;1;4.2;0.677;28;28
A622;PRESIDENTE KENNEDY;-21,10083333;-41,03944444;69,12;2013;03;-0.21;neutral;25.25;30.02;22.28;178.4;12;71.6;0.401;30;30
A622;PRESIDENTE KENNEDY;-21,10083333;-41,03944444;69,12;2013;04;-0.19;neutral;23.35;28.31;20.29;21.8;5;12.2;0.56;30;30
A622;PRESIDENTE KENNEDY;-21,10083333;-41,03944444;69,12;2013;05;-0.27;neutral;22.17;27.68;18.63;39.4;5;18.6;0.472;31;31
A622;PRESIDENTE KENNEDY;-21,10083333;-41,03944444;69,12;2013;06;-0.34;neutral;22.1;27.6;18.65;68.2;4;41.4;0.607;30;30
A622;PRESIDENTE KENNEDY;-21,10083333;-41,03944444;69,12;2013;07;-0.35;neutral;20.9;26.04;17.48;48.2;4;33.4;0.693;31;31
A622;PRESIDENTE KENNEDY;-21,10083333;-41,03944444;69,12;2013;08;-0.28;neutral;21.27;27.31;17.19;70.6;5;36.4;0.516;31;31
A622;PRESIDENTE KENNEDY;-21,10083333;-41,03944444;69,12;2013;09;-0.21;neutral;22.06;27.43;18.59;10.8;3;5.6;0.519;30;30
A622;PRESIDENTE KENNEDY;-21,10083333;-41,03944444;69,12;2013;10;-0.13;neutral;22.89;28.12;19.58;38.4;7;12.2;0.318;31;31
A622;PRESIDENTE KENNEDY;-21,10083333;-41,03944444;69,12;2013;11;-0.1;neutral;23.77;28.4;20.54;117.2;9;63.8;0.544;30;30
A622;PRESIDENTE KENNEDY;-21,10083333;-41,03944444;69,12;2013;12;-0.15;neutral;NaN;NaN;NaN;NaN;NaN;NaN;;15;15
A622;PRESIDENTE KENNEDY;-21,10083333;-41,03944444;69,12;2014;01;-0.28;neutral;NaN;NaN;NaN;NaN;NaN;NaN;;0;0
A622;PRESIDENTE KENNEDY;-21,10083333;-41,03944444;69,12;2014;02;-0.32;neutral;NaN;NaN;NaN;NaN;NaN;NaN;;6;0
A622;PRESIDENTE KENNEDY;-21,10083333;-41,03944444;69,12;2014;03;-0.14;neutral;NaN;NaN;NaN;NaN;NaN;NaN;;31;31
A622;PRESIDENTE KENNEDY;-21,10083333;-41,03944444;69,12;2014;04;0.15;neutral;NaN;NaN;NaN;NaN;NaN;NaN;;30;30
A622;PRESIDENTE KENNEDY;-21,10083333;-41,03944444;69,12;2014;05;0.31;neutral;NaN;NaN;NaN;NaN;NaN;NaN;;31;31
A622;PRESIDENTE KENNEDY;-21,10083333;-41,03944444;69,12;2014;06;0.23;neutral;NaN;NaN;NaN;NaN;NaN;NaN;;30;30
A622;PRESIDENTE KENNEDY;-21,10083333;-41,03944444;69,12;2014;07;0.1;neutral;NaN;NaN;NaN;NaN;NaN;NaN;;31;31
A622;PRESIDENTE KENNEDY;-21,10083333;-41,03944444;69,12;2014;08;0.11;neutral;NaN;NaN;NaN;NaN;NaN;NaN;;31;31
A622;PRESIDENTE KENNEDY;-21,10083333;-41,03944444;69,12;2014;09;0.28;neutral;NaN;NaN;NaN;NaN;NaN;NaN;;30;30
A622;PRESIDENTE KENNEDY;-21,10083333;-41,03944444;69,12;2014;10;0.54;EN_weakmod;NaN;NaN;NaN;NaN;NaN;NaN;;31;31
A622;PRESIDENTE KENNEDY;-21,10083333;-41,03944444;69,12;2014;11;0.71;EN_weakmod;NaN;NaN;NaN;NaN;NaN;NaN;;17;14
A622;PRESIDENTE KENNEDY;-21,10083333;-41,03944444;69,12;2014;12;0.77;EN_weakmod;NaN;NaN;NaN;NaN;NaN;NaN;;4;0
A622;PRESIDENTE KENNEDY;-21,10083333;-41,03944444;69,12;2015;01;0.69;EN_weakmod;NaN;NaN;NaN;NaN;NaN;NaN;;3;0
A622;PRESIDENTE KENNEDY;-21,10083333;-41,03944444;69,12;2015;02;0.61;EN_weakmod;NaN;NaN;NaN;NaN;NaN;NaN;;0;0
A622;PRESIDENTE KENNEDY;-21,10083333;-41,03944444;69,12;2015;03;0.65;EN_weakmod;NaN;NaN;NaN;NaN;NaN;NaN;;0;0
A622;PRESIDENTE KENNEDY;-21,10083333;-41,03944444;69,12;2015;04;0.81;EN_weakmod;NaN;NaN;NaN;NaN;NaN;NaN;;5;4
A622;PRESIDENTE KENNEDY;-21,10083333;-41,03944444;69,12;2015;05;1.02;EN_weakmod;NaN;NaN;NaN;NaN;NaN;NaN;;31;31
A622;PRESIDENTE KENNEDY;-21,10083333;-41,03944444;69,12;2015;06;1.25;EN_weakmod;NaN;NaN;NaN;NaN;NaN;NaN;;30;30
A622;PRESIDENTE KENNEDY;-21,10083333;-41,03944444;69,12;2015;07;1.57;EN_strong;NaN;NaN;NaN;NaN;NaN;NaN;;31;31
A622;PRESIDENTE KENNEDY;-21,10083333;-41,03944444;69,12;2015;08;1.91;EN_strong;NaN;NaN;NaN;NaN;NaN;NaN;;31;31
A622;PRESIDENTE KENNEDY;-21,10083333;-41,03944444;69,12;2015;09;2.21;EN_strong;NaN;NaN;NaN;NaN;NaN;NaN;;30;30
A622;PRESIDENTE KENNEDY;-21,10083333;-41,03944444;69,12;2015;10;2.47;EN_strong;NaN;NaN;NaN;NaN;NaN;NaN;;31;31
A622;PRESIDENTE KENNEDY;-21,10083333;-41,03944444;69,12;2015;11;2.64;EN_strong;NaN;NaN;NaN;NaN;NaN;NaN;;30;30
A622;PRESIDENTE KENNEDY;-21,10083333;-41,03944444;69,12;2015;12;2.75;EN_strong;NaN;NaN;NaN;NaN;NaN;NaN;;31;31
A622;PRESIDENTE KENNEDY;-21,10083333;-41,03944444;69,12;2016;01;2.63;EN_strong;25.95;31.48;22.73;131.4;12;33.8;0.257;31;31
A622;PRESIDENTE KENNEDY;-21,10083333;-41,03944444;69,12;2016;02;2.28;EN_strong;27.75;35.35;23.25;8;1;7.4;0.925;29;29
A622;PRESIDENTE KENNEDY;-21,10083333;-41,03944444;69,12;2016;03;1.71;EN_strong;26.67;33.46;22.84;101;5;64.8;0.642;31;31
A622;PRESIDENTE KENNEDY;-21,10083333;-41,03944444;69,12;2016;04;1.05;EN_weakmod;26.25;33.61;21.87;16.2;3;9.8;0.605;30;30
A622;PRESIDENTE KENNEDY;-21,10083333;-41,03944444;69,12;2016;05;0.49;neutral;23.11;30.15;19.27;7.8;2;3.8;0.487;31;31
A622;PRESIDENTE KENNEDY;-21,10083333;-41,03944444;69,12;2016;06;0;neutral;20.41;25.91;17.52;57.4;12;12.6;0.22;30;30
A622;PRESIDENTE KENNEDY;-21,10083333;-41,03944444;69,12;2016;07;-0.31;neutral;21.38;27.92;17.48;17;2;8.4;0.494;31;31
A622;PRESIDENTE KENNEDY;-21,10083333;-41,03944444;69,12;2016;08;-0.5;LN;22.01;29;17.8;29.6;1;27.4;0.926;31;31
A622;PRESIDENTE KENNEDY;-21,10083333;-41,03944444;69,12;2016;09;-0.58;LN;22.84;29.13;19.03;29.2;7;14.2;0.486;30;30
A622;PRESIDENTE KENNEDY;-21,10083333;-41,03944444;69,12;2016;10;-0.64;LN;22.99;28.01;19.99;73.6;11;15.4;0.209;31;31
A622;PRESIDENTE KENNEDY;-21,10083333;-41,03944444;69,12;2016;11;-0.6;LN;23.99;29.71;20.45;94;10;20.6;0.219;30;30
A622;PRESIDENTE KENNEDY;-21,10083333;-41,03944444;69,12;2016;12;-0.45;neutral;25.3;30.95;21.76;205;11;71;0.346;31;31
A622;PRESIDENTE KENNEDY;-21,10083333;-41,03944444;69,12;2017;01;-0.19;neutral;27.79;33.84;24.06;NaN;NaN;NaN;;23;15
A622;PRESIDENTE KENNEDY;-21,10083333;-41,03944444;69,12;2017;02;-0.02;neutral;27.21;33.66;23.16;NaN;NaN;NaN;;27;22
A622;PRESIDENTE KENNEDY;-21,10083333;-41,03944444;69,12;2017;03;0.18;neutral;27.17;32.74;22.72;NaN;NaN;NaN;;26;17
A622;PRESIDENTE KENNEDY;-21,10083333;-41,03944444;69,12;2017;04;0.31;neutral;26.7;30.55;21.28;NaN;NaN;NaN;;22;0
A622;PRESIDENTE KENNEDY;-21,10083333;-41,03944444;69,12;2017;05;0.4;neutral;NaN;NaN;NaN;NaN;NaN;NaN;;16;0
A622;PRESIDENTE KENNEDY;-21,10083333;-41,03944444;69,12;2017;06;0.39;neutral;NaN;NaN;NaN;NaN;NaN;NaN;;9;0
A622;PRESIDENTE KENNEDY;-21,10083333;-41,03944444;69,12;2017;07;0.19;neutral;20.03;24.23;16.73;NaN;NaN;NaN;;28;26
A622;PRESIDENTE KENNEDY;-21,10083333;-41,03944444;69,12;2017;08;-0.07;neutral;20.45;25.73;16.71;NaN;NaN;NaN;;31;31
A622;PRESIDENTE KENNEDY;-21,10083333;-41,03944444;69,12;2017;09;-0.34;neutral;21.88;27.33;17.77;NaN;NaN;NaN;;30;30
A622;PRESIDENTE KENNEDY;-21,10083333;-41,03944444;69,12;2017;10;-0.6;LN;24.1;30.15;20.57;NaN;NaN;NaN;;31;31
A622;PRESIDENTE KENNEDY;-21,10083333;-41,03944444;69,12;2017;11;-0.77;LN;23.45;28.18;20.48;NaN;NaN;NaN;;30;30
A622;PRESIDENTE KENNEDY;-21,10083333;-41,03944444;69,12;2017;12;-0.86;LN;24.94;30.08;21.88;NaN;NaN;NaN;;31;31
A622;PRESIDENTE KENNEDY;-21,10083333;-41,03944444;69,12;2018;01;-0.77;LN;26.49;32.85;22.54;105.4;7;35.4;0.336;31;31
A622;PRESIDENTE KENNEDY;-21,10083333;-41,03944444;69,12;2018;02;-0.71;LN;25.44;30.92;22.3;105.2;7;37.6;0.357;28;28
A622;PRESIDENTE KENNEDY;-21,10083333;-41,03944444;69,12;2018;03;-0.57;LN;25.88;31.39;22.5;123.4;10;41.8;0.339;31;31
A622;PRESIDENTE KENNEDY;-21,10083333;-41,03944444;69,12;2018;04;-0.39;neutral;23.81;29.69;20.64;148.6;12;52.8;0.355;30;30
A622;PRESIDENTE KENNEDY;-21,10083333;-41,03944444;69,12;2018;05;-0.13;neutral;22.25;28.09;18.98;107.4;9;45;0.419;31;31
A622;PRESIDENTE KENNEDY;-21,10083333;-41,03944444;69,12;2018;06;0.06;neutral;22.07;28.48;18.44;32.8;4;25.8;0.787;30;30
A622;PRESIDENTE KENNEDY;-21,10083333;-41,03944444;69,12;2018;07;0.14;neutral;21.52;28.33;17.34;17.2;3;9.4;0.547;31;31
A622;PRESIDENTE KENNEDY;-21,10083333;-41,03944444;69,12;2018;08;0.27;neutral;20.79;25.75;17.68;91.2;8;26.8;0.294;31;31
A622;PRESIDENTE KENNEDY;-21,10083333;-41,03944444;69,12;2018;09;0.53;EN_weakmod;22.31;27.75;18.87;42;7;15.6;0.371;30;30
A622;PRESIDENTE KENNEDY;-21,10083333;-41,03944444;69,12;2018;10;0.81;EN_weakmod;23.22;28.23;20.27;68.4;14;13;0.19;31;31
A622;PRESIDENTE KENNEDY;-21,10083333;-41,03944444;69,12;2018;11;0.97;EN_weakmod;24.01;29.12;20.79;151.6;9;45.8;0.302;30;30
A622;PRESIDENTE KENNEDY;-21,10083333;-41,03944444;69,12;2018;12;0.92;EN_weakmod;25.37;31.39;21.71;60;7;22.6;0.377;31;31
A622;PRESIDENTE KENNEDY;-21,10083333;-41,03944444;69,12;2019;01;0.89;EN_weakmod;27.42;34.65;22.65;0.6;0;0.4;0.667;31;31
A622;PRESIDENTE KENNEDY;-21,10083333;-41,03944444;69,12;2019;02;0.86;EN_weakmod;27.02;33.63;23.09;114.2;11;20;0.175;28;28
A622;PRESIDENTE KENNEDY;-21,10083333;-41,03944444;69,12;2019;03;0.84;EN_weakmod;26.5;32.74;22.89;101;10;50.2;0.497;31;31
A622;PRESIDENTE KENNEDY;-21,10083333;-41,03944444;69,12;2019;04;0.77;EN_weakmod;25.72;32.03;22.03;45.2;5;20.6;0.456;30;30
A622;PRESIDENTE KENNEDY;-21,10083333;-41,03944444;69,12;2019;05;0.64;EN_weakmod;24.21;30.41;20.66;108.8;7;41.2;0.379;31;31
A622;PRESIDENTE KENNEDY;-21,10083333;-41,03944444;69,12;2019;06;0.52;EN_weakmod;22.66;28.73;18.75;12.4;2;5.8;0.468;30;30
A622;PRESIDENTE KENNEDY;-21,10083333;-41,03944444;69,12;2019;07;0.33;neutral;20.84;27.51;16.55;13.2;5;4.4;0.333;31;31
A622;PRESIDENTE KENNEDY;-21,10083333;-41,03944444;69,12;2019;08;0.19;neutral;20.59;25.92;17.19;37.4;8;8.6;0.23;31;31
A622;PRESIDENTE KENNEDY;-21,10083333;-41,03944444;69,12;2019;09;0.23;neutral;22.43;27.93;19.1;78.8;11;17;0.216;30;30
A622;PRESIDENTE KENNEDY;-21,10083333;-41,03944444;69,12;2019;10;0.39;neutral;23.99;29.72;20.25;11.4;4;6;0.526;31;31
A622;PRESIDENTE KENNEDY;-21,10083333;-41,03944444;69,12;2019;11;0.58;EN_weakmod;23.98;28.84;21.06;335.4;16;90.2;0.269;30;30
A622;PRESIDENTE KENNEDY;-21,10083333;-41,03944444;69,12;2019;12;0.66;EN_weakmod;25.15;30.12;21.75;139.4;10;28.4;0.204;31;31
A622;PRESIDENTE KENNEDY;-21,10083333;-41,03944444;69,12;2020;01;0.64;EN_weakmod;NaN;NaN;NaN;NaN;NaN;NaN;;31;31
A622;PRESIDENTE KENNEDY;-21,10083333;-41,03944444;69,12;2020;02;0.63;EN_weakmod;NaN;NaN;NaN;NaN;NaN;NaN;;29;29
A622;PRESIDENTE KENNEDY;-21,10083333;-41,03944444;69,12;2020;03;0.53;EN_weakmod;NaN;NaN;NaN;NaN;NaN;NaN;;10;8
A622;PRESIDENTE KENNEDY;-21,10083333;-41,03944444;69,12;2020;04;0.3;neutral;NaN;NaN;NaN;NaN;NaN;NaN;;0;0
A622;PRESIDENTE KENNEDY;-21,10083333;-41,03944444;69,12;2020;05;0.01;neutral;NaN;NaN;NaN;NaN;NaN;NaN;;0;0
A622;PRESIDENTE KENNEDY;-21,10083333;-41,03944444;69,12;2020;06;-0.23;neutral;NaN;NaN;NaN;NaN;NaN;NaN;;0;0
A622;PRESIDENTE KENNEDY;-21,10083333;-41,03944444;69,12;2020;07;-0.36;neutral;NaN;NaN;NaN;NaN;NaN;NaN;;0;0
A622;PRESIDENTE KENNEDY;-21,10083333;-41,03944444;69,12;2020;08;-0.53;LN;NaN;NaN;NaN;NaN;NaN;NaN;;0;0
A622;PRESIDENTE KENNEDY;-21,10083333;-41,03944444;69,12;2020;09;-0.85;LN;NaN;NaN;NaN;NaN;NaN;NaN;;27;27
A622;PRESIDENTE KENNEDY;-21,10083333;-41,03944444;69,12;2020;10;-1.12;LN;NaN;NaN;NaN;NaN;NaN;NaN;;31;31
A622;PRESIDENTE KENNEDY;-21,10083333;-41,03944444;69,12;2020;11;-1.2;LN;NaN;NaN;NaN;NaN;NaN;NaN;;30;30
A622;PRESIDENTE KENNEDY;-21,10083333;-41,03944444;69,12;2020;12;-1.08;LN;NaN;NaN;NaN;NaN;NaN;NaN;;31;31
A622;PRESIDENTE KENNEDY;-21,10083333;-41,03944444;69,12;2021;01;-0.91;LN;26.22;32.71;21.86;51;6;19.4;0.38;31;31
A622;PRESIDENTE KENNEDY;-21,10083333;-41,03944444;69,12;2021;02;-0.79;LN;25.24;31.3;21.88;162.2;10;52;0.321;28;28
A622;PRESIDENTE KENNEDY;-21,10083333;-41,03944444;69,12;2021;03;-0.71;LN;25.82;32.83;21.67;82.2;6;32.6;0.397;31;31
A622;PRESIDENTE KENNEDY;-21,10083333;-41,03944444;69,12;2021;04;-0.55;LN;23.59;29.97;19.71;40.8;9;11.4;0.279;30;30
A622;PRESIDENTE KENNEDY;-21,10083333;-41,03944444;69,12;2021;05;-0.39;neutral;22.99;30.3;18.85;11.6;4;4.2;0.362;31;31
A622;PRESIDENTE KENNEDY;-21,10083333;-41,03944444;69,12;2021;06;-0.3;neutral;21.28;27.93;17.59;31.6;8;8.6;0.272;30;30
A622;PRESIDENTE KENNEDY;-21,10083333;-41,03944444;69,12;2021;07;-0.35;neutral;20.32;27.78;15.76;8.2;3;2.2;0.268;31;31
A622;PRESIDENTE KENNEDY;-21,10083333;-41,03944444;69,12;2021;08;-0.45;neutral;21.09;27.76;17.14;174.8;10;66.2;0.379;31;31
A622;PRESIDENTE KENNEDY;-21,10083333;-41,03944444;69,12;2021;09;-0.63;LN;22.92;29.31;19.28;16.6;4;6.6;0.398;30;30
A622;PRESIDENTE KENNEDY;-21,10083333;-41,03944444;69,12;2021;10;-0.76;LN;22.37;26.83;19.9;250.6;17;64.8;0.259;31;31
A622;PRESIDENTE KENNEDY;-21,10083333;-41,03944444;69,12;2021;11;-0.91;LN;22.72;27.63;19.47;152.4;11;28.8;0.189;30;30
A622;PRESIDENTE KENNEDY;-21,10083333;-41,03944444;69,12;2021;12;-0.87;LN;24.32;29.78;21.04;116.4;14;41.2;0.354;31;31
A622;PRESIDENTE KENNEDY;-21,10083333;-41,03944444;69,12;2022;01;-0.82;LN;25.89;31.98;22.27;104.8;9;25.2;0.24;31;31
A622;PRESIDENTE KENNEDY;-21,10083333;-41,03944444;69,12;2022;02;-0.79;LN;25.34;31.37;22.06;136;13;25.2;0.185;28;28
A622;PRESIDENTE KENNEDY;-21,10083333;-41,03944444;69,12;2022;03;-0.86;LN;NaN;NaN;NaN;NaN;NaN;NaN;;12;11
A622;PRESIDENTE KENNEDY;-21,10083333;-41,03944444;69,12;2022;04;-0.95;LN;24.88;31.63;21.44;26.2;3;21;0.802;26;24
A622;PRESIDENTE KENNEDY;-21,10083333;-41,03944444;69,12;2022;05;-0.9;LN;22.67;28.61;18.77;17.4;5;8.2;0.471;31;31
A622;PRESIDENTE KENNEDY;-21,10083333;-41,03944444;69,12;2022;06;-0.78;LN;21.06;27.53;17.06;8.4;2;3;0.357;30;30
A622;PRESIDENTE KENNEDY;-21,10083333;-41,03944444;69,12;2022;07;-0.76;LN;22.03;28.63;17.67;2.2;1;1.2;0.545;31;31
A622;PRESIDENTE KENNEDY;-21,10083333;-41,03944444;69,12;2022;08;-0.87;LN;21.49;27.47;17.7;7.2;3;2.6;0.361;31;31
A622;PRESIDENTE KENNEDY;-21,10083333;-41,03944444;69,12;2022;09;-0.97;LN;21.41;26.94;18.03;68.8;5;22.8;0.331;30;30
A622;PRESIDENTE KENNEDY;-21,10083333;-41,03944444;69,12;2022;10;-0.94;LN;24.15;29.59;20.89;37.8;6;16;0.423;31;31
A622;PRESIDENTE KENNEDY;-21,10083333;-41,03944444;69,12;2022;11;-0.85;LN;22.93;27.45;20.12;216;15;52.2;0.242;30;30
A622;PRESIDENTE KENNEDY;-21,10083333;-41,03944444;69,12;2022;12;-0.71;LN;24.39;28.83;21.8;213;14;77;0.362;31;31
A622;PRESIDENTE KENNEDY;-21,10083333;-41,03944444;69,12;2023;01;-0.54;LN;25.49;30.7;22.42;184.8;12;63.2;0.342;31;31
A622;PRESIDENTE KENNEDY;-21,10083333;-41,03944444;69,12;2023;02;-0.29;neutral;27.02;33.72;23.14;23.6;3;10;0.424;28;28
A622;PRESIDENTE KENNEDY;-21,10083333;-41,03944444;69,12;2023;03;-0.02;neutral;26.62;33.02;22.63;50.8;3;25.8;0.508;31;31
A622;PRESIDENTE KENNEDY;-21,10083333;-41,03944444;69,12;2023;04;0.27;neutral;24.31;29.4;21.56;127;14;21;0.165;30;30
A622;PRESIDENTE KENNEDY;-21,10083333;-41,03944444;69,12;2023;05;0.57;EN_weakmod;22.18;27.46;18.83;46.8;5;22.8;0.487;31;31
A622;PRESIDENTE KENNEDY;-21,10083333;-41,03944444;69,12;2023;06;0.84;EN_weakmod;21.69;28.56;17.3;7.2;3;2.6;0.361;30;30
A622;PRESIDENTE KENNEDY;-21,10083333;-41,03944444;69,12;2023;07;1.12;EN_weakmod;21.01;26.51;17.32;47.2;6;32.8;0.695;31;31
A622;PRESIDENTE KENNEDY;-21,10083333;-41,03944444;69,12;2023;08;1.37;EN_weakmod;21.98;27.26;18.42;166.8;11;53.2;0.319;31;31
A622;PRESIDENTE KENNEDY;-21,10083333;-41,03944444;69,12;2023;09;1.6;EN_strong;23.13;28.61;19.58;116.8;11;31.8;0.272;30;30
A622;PRESIDENTE KENNEDY;-21,10083333;-41,03944444;69,12;2023;10;1.83;EN_strong;23.95;28.6;21.38;96.8;14;15.4;0.159;31;31
A622;PRESIDENTE KENNEDY;-21,10083333;-41,03944444;69,12;2023;11;1.99;EN_strong;25.67;32.19;22.01;45.4;7;14.2;0.313;30;30
A622;PRESIDENTE KENNEDY;-21,10083333;-41,03944444;69,12;2023;12;2.06;EN_strong;26.45;32.46;22.7;98.6;13;19;0.193;31;31
A622;PRESIDENTE KENNEDY;-21,10083333;-41,03944444;69,12;2024;01;1.92;EN_strong;NaN;NaN;NaN;NaN;NaN;NaN;;31;31
A622;PRESIDENTE KENNEDY;-21,10083333;-41,03944444;69,12;2024;02;1.62;EN_strong;NaN;NaN;NaN;NaN;NaN;NaN;;29;29
A622;PRESIDENTE KENNEDY;-21,10083333;-41,03944444;69,12;2024;03;1.26;EN_weakmod;NaN;NaN;NaN;NaN;NaN;NaN;;31;31
A622;PRESIDENTE KENNEDY;-21,10083333;-41,03944444;69,12;2024;04;0.82;EN_weakmod;NaN;NaN;NaN;NaN;NaN;NaN;;17;17
A622;PRESIDENTE KENNEDY;-21,10083333;-41,03944444;69,12;2024;05;0.49;neutral;NaN;NaN;NaN;NaN;NaN;NaN;;0;0
A622;PRESIDENTE KENNEDY;-21,10083333;-41,03944444;69,12;2024;06;0.22;neutral;NaN;NaN;NaN;NaN;NaN;NaN;;0;0
A622;PRESIDENTE KENNEDY;-21,10083333;-41,03944444;69,12;2024;07;0.08;neutral;NaN;NaN;NaN;NaN;NaN;NaN;;0;0
A622;PRESIDENTE KENNEDY;-21,10083333;-41,03944444;69,12;2024;08;-0.07;neutral;NaN;NaN;NaN;NaN;NaN;NaN;;16;16
A622;PRESIDENTE KENNEDY;-21,10083333;-41,03944444;69,12;2024;09;-0.17;neutral;NaN;NaN;NaN;NaN;NaN;NaN;;30;30
A622;PRESIDENTE KENNEDY;-21,10083333;-41,03944444;69,12;2024;10;-0.21;neutral;NaN;NaN;NaN;NaN;NaN;NaN;;31;31
A622;PRESIDENTE KENNEDY;-21,10083333;-41,03944444;69,12;2024;11;-0.3;neutral;NaN;NaN;NaN;NaN;NaN;NaN;;30;30
A622;PRESIDENTE KENNEDY;-21,10083333;-41,03944444;69,12;2024;12;-0.42;neutral;NaN;NaN;NaN;NaN;NaN;NaN;;31;31
A622;PRESIDENTE KENNEDY;-21,10083333;-41,03944444;69,12;2025;01;-0.45;neutral;26.05;31.59;22.71;105.6;10;45.4;0.43;31;31
A622;PRESIDENTE KENNEDY;-21,10083333;-41,03944444;69,12;2025;02;-0.24;neutral;27.6;34.11;23.18;0.2;0;0.2;1;28;28
A622;PRESIDENTE KENNEDY;-21,10083333;-41,03944444;69,12;2025;03;-0.06;neutral;26.33;32.15;22.97;119;10;38.6;0.324;31;31
A622;PRESIDENTE KENNEDY;-21,10083333;-41,03944444;69,12;2025;04;0.02;neutral;24.38;29.53;21.4;122.2;12;38.6;0.316;30;30
A622;PRESIDENTE KENNEDY;-21,10083333;-41,03944444;69,12;2025;05;-0.02;neutral;22.61;27.86;19.44;57.4;10;11.2;0.195;31;31
A622;PRESIDENTE KENNEDY;-21,10083333;-41,03944444;69,12;2025;06;-0.04;neutral;21.63;27.74;17.8;29.2;3;17.8;0.61;30;30
A622;PRESIDENTE KENNEDY;-21,10083333;-41,03944444;69,12;2025;07;-0.14;neutral;20.21;25.85;16.65;40.8;6;11.8;0.289;31;31
A622;PRESIDENTE KENNEDY;-21,10083333;-41,03944444;69,12;2025;08;-0.28;neutral;20.98;26.42;17.22;51.2;8;19;0.371;31;31
A622;PRESIDENTE KENNEDY;-21,10083333;-41,03944444;69,12;2025;09;-0.4;neutral;21.6;26.67;18.37;172.2;17;36.6;0.213;30;30
A622;PRESIDENTE KENNEDY;-21,10083333;-41,03944444;69,12;2025;10;-0.51;LN;22.44;27.45;19.2;123.6;19;31.8;0.257;31;30
A622;PRESIDENTE KENNEDY;-21,10083333;-41,03944444;69,12;2025;11;-0.55;LN;23.66;29.08;20.12;57.4;8;15.8;0.275;30;30
A622;PRESIDENTE KENNEDY;-21,10083333;-41,03944444;69,12;2025;12;-0.54;LN;25.64;31.65;21.89;186;10;92.8;0.499;31;31
A634;VILA VELHA;-20,46694443;-40,40388888;25;2017;02;-0.02;neutral;NaN;NaN;NaN;NaN;NaN;NaN;;13;12
A634;VILA VELHA;-20,46694443;-40,40388888;25;2017;03;0.18;neutral;25.88;31.76;21.7;52.2;5;20.4;0.391;31;31
A634;VILA VELHA;-20,46694443;-40,40388888;25;2017;04;0.31;neutral;24.22;29.22;20.59;51.4;10;15.8;0.307;30;30
A634;VILA VELHA;-20,46694443;-40,40388888;25;2017;05;0.4;neutral;22.24;27.11;18.78;161.8;8;100.6;0.622;31;31
A634;VILA VELHA;-20,46694443;-40,40388888;25;2017;06;0.39;neutral;22.15;27.32;18.54;106;9;23.4;0.221;30;30
A634;VILA VELHA;-20,46694443;-40,40388888;25;2017;07;0.19;neutral;19.79;24.83;16.59;207.2;23;29.8;0.144;31;31
A634;VILA VELHA;-20,46694443;-40,40388888;25;2017;08;-0.07;neutral;20.3;25.29;16.5;13.2;5;4.4;0.333;31;30
A634;VILA VELHA;-20,46694443;-40,40388888;25;2017;09;-0.34;neutral;21.16;26.23;17.44;38.6;9;6;0.155;30;30
A634;VILA VELHA;-20,46694443;-40,40388888;25;2017;10;-0.6;LN;24.05;29.19;20.73;56.4;6;26.2;0.465;31;31
A634;VILA VELHA;-20,46694443;-40,40388888;25;2017;11;-0.77;LN;23.53;28.06;20.55;186.4;15;102.2;0.548;30;30
A634;VILA VELHA;-20,46694443;-40,40388888;25;2017;12;-0.86;LN;24.99;29.41;21.78;172.8;8;54.2;0.314;31;31
A634;VILA VELHA;-20,46694443;-40,40388888;25;2018;01;-0.77;LN;26.32;32.18;22.09;73.2;7;36.4;0.497;31;31
A634;VILA VELHA;-20,46694443;-40,40388888;25;2018;02;-0.71;LN;25.34;30.51;22.14;163.2;10;50.4;0.309;28;28
A634;VILA VELHA;-20,46694443;-40,40388888;25;2018;03;-0.57;LN;25.85;31.03;22.67;154.6;12;42;0.272;31;31
A634;VILA VELHA;-20,46694443;-40,40388888;25;2018;04;-0.39;neutral;23.85;29.03;20.73;189.2;15;82.6;0.437;30;30
A634;VILA VELHA;-20,46694443;-40,40388888;25;2018;05;-0.13;neutral;22.12;27.19;18.82;213.2;10;65.2;0.306;31;31
A634;VILA VELHA;-20,46694443;-40,40388888;25;2018;06;0.06;neutral;21.88;26.88;18.4;42.6;8;16.6;0.39;30;30
A634;VILA VELHA;-20,46694443;-40,40388888;25;2018;07;0.14;neutral;21.38;27.6;16.75;5.8;3;2.6;0.448;31;31
A634;VILA VELHA;-20,46694443;-40,40388888;25;2018;08;0.27;neutral;21.32;26.06;17.88;125.8;8;40.6;0.323;31;31
A634;VILA VELHA;-20,46694443;-40,40388888;25;2018;09;0.53;EN_weakmod;22.75;27.64;19.37;46.6;8;17;0.365;30;30
A634;VILA VELHA;-20,46694443;-40,40388888;25;2018;10;0.81;EN_weakmod;23.63;28.21;20.81;139.4;14;40;0.287;31;31
A634;VILA VELHA;-20,46694443;-40,40388888;25;2018;11;0.97;EN_weakmod;24.18;28.64;21.22;293.2;11;86.4;0.295;30;30
A634;VILA VELHA;-20,46694443;-40,40388888;25;2018;12;0.92;EN_weakmod;25.31;30.34;21.93;118.6;9;27.4;0.231;31;31
A634;VILA VELHA;-20,46694443;-40,40388888;25;2019;01;0.89;EN_weakmod;27.15;33.25;22.39;0.6;0;0.4;0.667;31;31
A634;VILA VELHA;-20,46694443;-40,40388888;25;2019;02;0.86;EN_weakmod;27.18;33.53;22.84;118.6;7;73.6;0.621;28;28
A634;VILA VELHA;-20,46694443;-40,40388888;25;2019;03;0.84;EN_weakmod;26.87;33.07;22.76;38.6;4;21.4;0.554;31;31
A634;VILA VELHA;-20,46694443;-40,40388888;25;2019;04;0.77;EN_weakmod;25.86;31.83;21.98;50.4;8;17.6;0.349;30;30
A634;VILA VELHA;-20,46694443;-40,40388888;25;2019;05;0.64;EN_weakmod;24.34;30.04;20.54;217;5;191.8;0.884;31;31
A634;VILA VELHA;-20,46694443;-40,40388888;25;2019;06;0.52;EN_weakmod;22.52;28.05;18.94;36.6;7;10.2;0.279;30;30
A634;VILA VELHA;-20,46694443;-40,40388888;25;2019;07;0.33;neutral;20.97;26.87;16.64;40.2;7;8;0.199;31;31
A634;VILA VELHA;-20,46694443;-40,40388888;25;2019;08;0.19;neutral;21.06;25.9;17.61;52.6;11;12;0.228;31;30
A634;VILA VELHA;-20,46694443;-40,40388888;25;2019;09;0.23;neutral;22.98;27.81;19.91;89.8;7;42.8;0.477;30;30
A634;VILA VELHA;-20,46694443;-40,40388888;25;2019;10;0.39;neutral;24.17;29.14;20.46;28.6;6;9.6;0.336;31;31
A634;VILA VELHA;-20,46694443;-40,40388888;25;2019;11;0.58;EN_weakmod;NaN;NaN;NaN;NaN;NaN;NaN;;16;16
A634;VILA VELHA;-20,46694443;-40,40388888;25;2019;12;0.66;EN_weakmod;NaN;NaN;NaN;NaN;NaN;NaN;;0;0
A634;VILA VELHA;-20,46694443;-40,40388888;25;2020;01;0.64;EN_weakmod;NaN;NaN;NaN;NaN;NaN;NaN;;6;5
A634;VILA VELHA;-20,46694443;-40,40388888;25;2020;02;0.63;EN_weakmod;26.26;31.24;23.06;117.6;7;63.4;0.539;29;29
A634;VILA VELHA;-20,46694443;-40,40388888;25;2020;03;0.53;EN_weakmod;24.82;29.69;21.6;305;13;174.2;0.571;31;31
A634;VILA VELHA;-20,46694443;-40,40388888;25;2020;04;0.3;neutral;23.96;29.1;20.75;23.2;5;9.4;0.405;30;30
A634;VILA VELHA;-20,46694443;-40,40388888;25;2020;05;0.01;neutral;22.08;28;17.88;46.8;6;23.6;0.504;31;31
A634;VILA VELHA;-20,46694443;-40,40388888;25;2020;06;-0.23;neutral;21.91;28.19;17.49;77.2;6;42.6;0.552;30;30
A634;VILA VELHA;-20,46694443;-40,40388888;25;2020;07;-0.36;neutral;21.35;27.03;17.1;113.4;8;74.6;0.658;31;31
A634;VILA VELHA;-20,46694443;-40,40388888;25;2020;08;-0.53;LN;21.54;26.62;17.98;52;9;19.6;0.377;31;31
A634;VILA VELHA;-20,46694443;-40,40388888;25;2020;09;-0.85;LN;23.6;29.44;19.32;120.2;4;65.2;0.542;30;30
A634;VILA VELHA;-20,46694443;-40,40388888;25;2020;10;-1.12;LN;23.82;28.08;21.1;167.6;15;49;0.292;31;31
A634;VILA VELHA;-20,46694443;-40,40388888;25;2020;11;-1.2;LN;24.1;28.64;20.95;76.8;8;23;0.299;30;30
A634;VILA VELHA;-20,46694443;-40,40388888;25;2020;12;-1.08;LN;25.74;30.95;22.44;143;7;55.2;0.386;31;31
A634;VILA VELHA;-20,46694443;-40,40388888;25;2021;01;-0.91;LN;NaN;NaN;NaN;NaN;NaN;NaN;;27;27
A634;VILA VELHA;-20,46694443;-40,40388888;25;2021;02;-0.79;LN;NaN;NaN;NaN;NaN;NaN;NaN;;28;28
A634;VILA VELHA;-20,46694443;-40,40388888;25;2021;03;-0.71;LN;NaN;NaN;NaN;NaN;NaN;NaN;;31;31
A634;VILA VELHA;-20,46694443;-40,40388888;25;2021;04;-0.55;LN;NaN;NaN;NaN;NaN;NaN;NaN;;30;30
A634;VILA VELHA;-20,46694443;-40,40388888;25;2021;05;-0.39;neutral;NaN;NaN;NaN;NaN;NaN;NaN;;31;31
A634;VILA VELHA;-20,46694443;-40,40388888;25;2021;06;-0.3;neutral;NaN;NaN;NaN;NaN;NaN;NaN;;30;30
A634;VILA VELHA;-20,46694443;-40,40388888;25;2021;07;-0.35;neutral;NaN;NaN;NaN;NaN;NaN;NaN;;31;31
A634;VILA VELHA;-20,46694443;-40,40388888;25;2021;08;-0.45;neutral;NaN;NaN;NaN;NaN;NaN;NaN;;11;11
A634;VILA VELHA;-20,46694443;-40,40388888;25;2021;09;-0.63;LN;NaN;NaN;NaN;NaN;NaN;NaN;;0;0
A634;VILA VELHA;-20,46694443;-40,40388888;25;2021;10;-0.76;LN;NaN;NaN;NaN;NaN;NaN;NaN;;0;0
A634;VILA VELHA;-20,46694443;-40,40388888;25;2021;11;-0.91;LN;NaN;NaN;NaN;NaN;NaN;NaN;;6;6
A634;VILA VELHA;-20,46694443;-40,40388888;25;2021;12;-0.87;LN;NaN;NaN;NaN;NaN;NaN;NaN;;31;31
A634;VILA VELHA;-20,46694443;-40,40388888;25;2022;01;-0.82;LN;26.12;31.43;22.41;94.8;7;29;0.306;31;31
A634;VILA VELHA;-20,46694443;-40,40388888;25;2022;02;-0.79;LN;25.71;31.06;22.44;112.8;13;21.4;0.19;28;28
A634;VILA VELHA;-20,46694443;-40,40388888;25;2022;03;-0.86;LN;26.31;32.64;21.6;39;3;30.4;0.779;31;31
A634;VILA VELHA;-20,46694443;-40,40388888;25;2022;04;-0.95;LN;25.24;31.46;20.66;12;4;7.2;0.6;30;30
A634;VILA VELHA;-20,46694443;-40,40388888;25;2022;05;-0.9;LN;22.64;28.59;18.38;39;4;17.2;0.441;31;31
A634;VILA VELHA;-20,46694443;-40,40388888;25;2022;06;-0.78;LN;21.17;26.96;16.65;9.4;1;7.4;0.787;30;30
A634;VILA VELHA;-20,46694443;-40,40388888;25;2022;07;-0.76;LN;21.64;28;17.02;16.2;6;5;0.309;31;31
A634;VILA VELHA;-20,46694443;-40,40388888;25;2022;08;-0.87;LN;21.67;27.48;17.46;26;6;10.8;0.415;31;31
A634;VILA VELHA;-20,46694443;-40,40388888;25;2022;09;-0.97;LN;21.83;26.8;18.31;25.4;5;12.2;0.48;30;30
A634;VILA VELHA;-20,46694443;-40,40388888;25;2022;10;-0.94;LN;24.3;29.61;20.92;93.8;10;39.8;0.424;31;31
A634;VILA VELHA;-20,46694443;-40,40388888;25;2022;11;-0.85;LN;23.17;27.05;20.31;311.4;12;74.8;0.24;30;30
A634;VILA VELHA;-20,46694443;-40,40388888;25;2022;12;-0.71;LN;24.44;28.39;21.68;274.2;14;48;0.175;31;31
A634;VILA VELHA;-20,46694443;-40,40388888;25;2023;01;-0.54;LN;25.64;30.36;22.55;168.6;11;42;0.249;31;31
A634;VILA VELHA;-20,46694443;-40,40388888;25;2023;02;-0.29;neutral;26.96;33.07;22.95;12.6;2;8.2;0.651;28;28
A634;VILA VELHA;-20,46694443;-40,40388888;25;2023;03;-0.02;neutral;26.33;32.65;21.89;62.6;5;24.2;0.387;31;31
A634;VILA VELHA;-20,46694443;-40,40388888;25;2023;04;0.27;neutral;24.53;29.48;21.59;120.2;17;30.4;0.253;30;30
A634;VILA VELHA;-20,46694443;-40,40388888;25;2023;05;0.57;EN_weakmod;22.27;27.56;18.69;68.8;10;23.8;0.346;31;31
A634;VILA VELHA;-20,46694443;-40,40388888;25;2023;06;0.84;EN_weakmod;21.69;27.64;17.42;17.2;3;9.6;0.558;30;30
A634;VILA VELHA;-20,46694443;-40,40388888;25;2023;07;1.12;EN_weakmod;21.14;26.51;17.35;136.2;10;42.2;0.31;31;31
A634;VILA VELHA;-20,46694443;-40,40388888;25;2023;08;1.37;EN_weakmod;22.32;27.47;18.56;172.4;9;56.2;0.326;31;31
A634;VILA VELHA;-20,46694443;-40,40388888;25;2023;09;1.6;EN_strong;23.48;28.43;20.14;16.6;3;8.6;0.518;30;30
A634;VILA VELHA;-20,46694443;-40,40388888;25;2023;10;1.83;EN_strong;24.82;29.63;22.06;43;6;13.8;0.321;31;31
A634;VILA VELHA;-20,46694443;-40,40388888;25;2023;11;1.99;EN_strong;25.99;32.29;21.97;27.8;4;14.4;0.518;30;30
A634;VILA VELHA;-20,46694443;-40,40388888;25;2023;12;2.06;EN_strong;26.48;32.27;22.52;89.8;12;23.4;0.261;31;31
A634;VILA VELHA;-20,46694443;-40,40388888;25;2024;01;1.92;EN_strong;26.4;31.93;23.16;229.8;15;75;0.326;31;31
A634;VILA VELHA;-20,46694443;-40,40388888;25;2024;02;1.62;EN_strong;26.27;31.53;22.73;128.6;10;35.2;0.274;29;29
A634;VILA VELHA;-20,46694443;-40,40388888;25;2024;03;1.26;EN_weakmod;26.78;32.03;23.46;138.4;8;61.2;0.442;31;31
A634;VILA VELHA;-20,46694443;-40,40388888;25;2024;04;0.82;EN_weakmod;25.21;30.83;21.45;73.6;8;36.6;0.497;30;30
A634;VILA VELHA;-20,46694443;-40,40388888;25;2024;05;0.49;neutral;25.05;30.47;20.95;26.8;5;11.6;0.433;27;27
A634;VILA VELHA;-20,46694443;-40,40388888;25;2024;06;0.22;neutral;NaN;NaN;NaN;NaN;NaN;NaN;;9;5
A634;VILA VELHA;-20,46694443;-40,40388888;25;2024;07;0.08;neutral;22.43;29.2;17.43;23.6;2;12.6;0.534;31;31
A634;VILA VELHA;-20,46694443;-40,40388888;25;2024;08;-0.07;neutral;22.02;28.02;17.46;54.8;4;32.4;0.591;31;30
A634;VILA VELHA;-20,46694443;-40,40388888;25;2024;09;-0.17;neutral;24.14;30.17;19.89;35.2;3;28.4;0.807;30;30
A634;VILA VELHA;-20,46694443;-40,40388888;25;2024;10;-0.21;neutral;24.27;28.86;21.09;267;11;92.8;0.348;31;31
A634;VILA VELHA;-20,46694443;-40,40388888;25;2024;11;-0.3;neutral;24.5;29.11;21.07;169.8;11;31.4;0.185;30;30
A634;VILA VELHA;-20,46694443;-40,40388888;25;2024;12;-0.42;neutral;26.2;31.19;22.99;119.6;9;40.4;0.338;31;31
A634;VILA VELHA;-20,46694443;-40,40388888;25;2025;01;-0.45;neutral;26.28;31.61;22.85;143;11;42.4;0.297;31;31
A634;VILA VELHA;-20,46694443;-40,40388888;25;2025;02;-0.24;neutral;27.21;33.8;22.37;24.4;5;7.4;0.303;28;28
A634;VILA VELHA;-20,46694443;-40,40388888;25;2025;03;-0.06;neutral;26.22;31.93;22.41;132.4;11;37.6;0.284;31;31
A634;VILA VELHA;-20,46694443;-40,40388888;25;2025;04;0.02;neutral;24.65;29.61;21.31;260.6;12;98.8;0.379;30;30
A634;VILA VELHA;-20,46694443;-40,40388888;25;2025;05;-0.02;neutral;22.58;27.33;19.59;177;18;39.8;0.225;31;31
A634;VILA VELHA;-20,46694443;-40,40388888;25;2025;06;-0.04;neutral;21.61;27.26;17.55;15.2;4;6;0.395;30;30
A634;VILA VELHA;-20,46694443;-40,40388888;25;2025;07;-0.14;neutral;20.33;25.45;16.58;33.4;3;20.8;0.623;31;31
A634;VILA VELHA;-20,46694443;-40,40388888;25;2025;08;-0.28;neutral;21.12;27.03;16.85;28.2;4;19.4;0.688;31;31
A634;VILA VELHA;-20,46694443;-40,40388888;25;2025;09;-0.4;neutral;21.58;26.99;17.67;147.4;10;55;0.373;30;30
A634;VILA VELHA;-20,46694443;-40,40388888;25;2025;10;-0.51;LN;22.58;27.33;19.42;154.4;14;33;0.214;31;31
A634;VILA VELHA;-20,46694443;-40,40388888;25;2025;11;-0.55;LN;23.8;28.69;20.13;35.4;6;11.8;0.333;30;30
A634;VILA VELHA;-20,46694443;-40,40388888;25;2025;12;-0.54;LN;25.94;31.48;22.19;65.8;7;29;0.441;31;31